ID,Member,Order,SKU
1,SWLCNOE,7409204,15668465
2,SWLCNOE,7409204,15668460
3,SWLCNOE,7409204,15668467
4,SWLCNOE,7409204,15669878
5,SWLCNOE,7409204,15668468
6,SWOEZES,8076206,7642810
7,SWOEZES,8076206,15669869
8,SWOEZES,8076206,15669878
9,SWOEZES,8076206,15669965
10,SWOEZES,8076206,15669866
11,SSWWRHW,7560723,15668460
12,SSWWRHW,7560723,15669778
13,SSWWRHW,7560723,15669859
14,SSWWRHW,7560723,15668453
15,SSWWRHW,7560723,93141092
16,SWLSCOZ,8362837,7580823
17,SWLSCOZ,8362837,15669781
18,SWLSCOZ,8362837,15669832
19,SWLSCOZ,8362837,15669880
20,SWLSCOZ,8362837,15669760
21,SSRCRSO,8202458,15668378
22,SSRCRSO,8202458,15669861
23,SSRCRSO,8202458,15668469
24,SSRCRSO,8202458,15669859
25,SSRCRSO,8202458,15669824
26,SWLZSNO,8081317,15670271
27,SWLZSNO,8081317,15669832
28,SWLZSNO,8081317,15669814
29,SWLZSNO,8081317,15669767
30,SWLZSNO,8081317,7753739
31,SSWLNRZ,8378408,15668381
32,SSWLNRZ,8378408,15668451
33,SSWLNRZ,8378408,15668462
34,SSWLNRZ,8378408,15668688
35,SSWLNRZ,8378408,15668378
36,SSWZHRR,7440894,15668379
37,SSWZHRR,7440894,15669817
38,SSWZHRR,7440894,15670269
39,SSWZHRR,7440894,15669874
40,SSWZHRR,7440894,15669976
41,SWOHOER,7738863,15668383
42,SWOHOER,7738863,15669864
43,SWOHOER,7738863,15668469
44,SWOHOER,7738863,15669869
45,SWOHOER,7738863,15669778
46,SWOCNOC,7771136,7585573
47,SWOCNOC,7771136,15668381
48,SWOCNOC,7771136,15669869
49,SWOCNOC,7771136,15668469
50,SWOCNOC,7771136,15669860
51,SSZNOWR,8223433,15668465
52,SSZNOWR,8223433,15668379
53,SSZNOWR,8223433,15670251
54,SSZNOWR,8223433,15668478
55,SSZNOWR,8223433,15668470
56,SWRNHCS,8105205,15669872
57,SWRNHCS,8105205,15669869
58,SWRNHCS,8105205,15669817
59,SWRNHCS,8105205,15669874
60,SWRNHCS,8105205,15668688
61,SSSEWLS,8082175,15669856
62,SSSEWLS,8082175,15668688
63,SSSEWLS,8082175,15669772
64,SSSEWLS,8082175,15669773
65,SSSEWLS,8082175,15668478
66,SWCNZWN,8089212,15668469
67,SWCNZWN,8089212,15668462
68,SWCNZWN,8089212,15668688
69,SWCNZWN,8089212,15668465
70,SWCNZWN,8089212,15668466
71,SWECZOC,8151550,15669834
72,SWECZOC,8151550,15669869
73,SWECZOC,8151550,15669874
74,SWECZOC,8151550,21408942
75,SWECZOC,8151550,15669775
76,SWCZCSZ,8133840,15669767
77,SWCZCSZ,8133840,7580802
78,SWCZCSZ,8133840,7753742
79,SWCZCSZ,8133840,15669861
80,SWCZCSZ,8133840,15669860
81,SWNROCL,7748353,15668688
82,SWNROCL,7748353,15668465
83,SWNROCL,7748353,15668455
84,SWNROCL,7748353,15669864
85,SWNROCL,7748353,15668451
86,SWOSSRS,7690884,15668465
87,SWOSSRS,7690884,15668449
88,SWOSSRS,7690884,15668462
89,SWOSSRS,7690884,15668469
90,SWOSSRS,7690884,15668542
91,SSHCNOH,8074318,92388008
92,SSHCNOH,8074318,21409125
93,SSHCNOH,8074318,7599091
94,SSHCNOH,8074318,7572306
95,SSHCNOH,8074318,7569802
96,SWOWWLL,8247009,15668381
97,SWOWWLL,8247009,15668378
98,SWOWWLL,8247009,15668688
99,SWOWWLL,8247009,15668379
100,SWOWWLL,8247009,15668465
101,SWOZCRC,7381183,15669789
102,SWOZCRC,7381183,15668478
103,SWOZCRC,7381183,7573376
104,SWOZCRC,7381183,15669773
105,SWOZCRC,7381183,15669821
106,SSZRRWR,8315583,15669777
107,SSZRRWR,8315583,15669869
108,SSZRRWR,8315583,7580802
109,SSZRRWR,8315583,15669772
110,SSZRRWR,8315583,15669825
111,SWNSEHW,8227204,15668468
112,SWNSEHW,8227204,15669878
113,SWNSEHW,8227204,15668378
114,SWNSEHW,8227204,15668375
115,SWNSEHW,8227204,15668689
116,SSZEWOW,8135835,15669760
117,SSZEWOW,8135835,15669861
118,SSZEWOW,8135835,15668379
119,SSZEWOW,8135835,15669786
120,SSZEWOW,8135835,34986118
121,SSEWSWC,8109601,15669869
122,SSEWSWC,8109601,15668460
123,SSEWSWC,8109601,15669832
124,SSEWSWC,8109601,15668416
125,SSEWSWC,8109601,15668455
126,SSNLCOZ,8230221,15669861
127,SSNLCOZ,8230221,15668469
128,SSNLCOZ,8230221,15669862
129,SSNLCOZ,8230221,15669887
130,SSNLCOZ,8230221,15668458
131,SWRHCCH,7377566,15669772
132,SWRHCCH,7377566,15669878
133,SWRHCCH,7377566,15669864
134,SWRHCCH,7377566,15669762
135,SWRHCCH,7377566,15668378
136,SWOZLCN,7605272,15669860
137,SWOZLCN,7605272,15669864
138,SWOZLCN,7605272,15669764
139,SWOZLCN,7605272,15669880
140,SWOZLCN,7605272,15669869
141,SWOCEEH,7775378,15668381
142,SWOCEEH,7775378,15668685
143,SWOCEEH,7775378,15669780
144,SWOCEEH,7775378,15668459
145,SWOCEEH,7775378,15668689
146,SWLNWOC,7480357,7587494
147,SWLNWOC,7480357,7587668
148,SWLNWOC,7480357,15669856
149,SWLNWOC,7480357,15669869
150,SWLNWOC,7480357,15669824
151,SSLRSWO,7469858,15668379
152,SSLRSWO,7469858,93141092
153,SSLRSWO,7469858,7593949
154,SSLRSWO,7469858,15668465
155,SSLRSWO,7469858,15668378
156,SWOOLHC,7686733,15668379
157,SWOOLHC,7686733,15668458
158,SWOOLHC,7686733,15668459
159,SWOOLHC,7686733,15668688
160,SWOOLHC,7686733,15668378
161,SWNRZEW,8273657,15669789
162,SWNRZEW,8273657,7580802
163,SWNRZEW,8273657,15669764
164,SWNRZEW,8273657,15670251
165,SWNRZEW,8273657,15669780
166,SSLNHHC,8089109,15669777
167,SSLNHHC,8089109,15669780
168,SSLNHHC,8089109,15669772
169,SSLNHHC,8089109,15670267
170,SSLNHHC,8089109,15669804
171,SSRCENS,8064480,15669859
172,SSRCENS,8064480,15669786
173,SSRCENS,8064480,15668465
174,SSRCENS,8064480,15668378
175,SSRCENS,8064480,15669804
176,SWNHZNC,8277630,15668467
177,SWNHZNC,8277630,15668462
178,SWNHZNC,8277630,15668459
179,SWNHZNC,8277630,15668688
180,SWNHZNC,8277630,15668451
181,SSRORNN,8282341,15668468
182,SSRORNN,8282341,15668467
183,SSRORNN,8282341,15668378
184,SSRORNN,8282341,15668473
185,SSRORNN,8282341,15668687
186,SWLRHRW,7742018,15670157
187,SWLRHRW,7742018,15668471
188,SWLRHRW,7742018,15670254
189,SWLRHRW,7742018,15670246
190,SWLRHRW,7742018,15668381
191,SWCSHZW,7710637,15668381
192,SWCSHZW,7710637,15668520
193,SWCSHZW,7710637,15669887
194,SWCSHZW,7710637,15668689
195,SWCSHZW,7710637,15669988
196,SSLWESH,7399616,15668688
197,SSLWESH,7399616,15668495
198,SSLWESH,7399616,93141023
199,SSLWESH,7399616,34986125
200,SSLWESH,7399616,93141092
201,SWCCRWR,8089417,15668460
202,SWCCRWR,8089417,15670254
203,SWCCRWR,8089417,15668468
204,SWCCRWR,8089417,15668462
205,SWCCRWR,8089417,15669764
206,SWOHNSL,8136707,15669869
207,SWOHNSL,8136707,15668381
208,SWOHNSL,8136707,15668688
209,SWOHNSL,8136707,15668467
210,SWOHNSL,8136707,15669887
211,SSNSECH,8080319,15668688
212,SSNSECH,8080319,15668378
213,SSNSECH,8080319,15668460
214,SSNSECH,8080319,15668381
215,SSNSECH,8080319,15668478
216,SWOCHZL,8355025,15669777
217,SWOCHZL,8355025,15669767
218,SWOCHZL,8355025,15669857
219,SWOCHZL,8355025,15669878
220,SWOCHZL,8355025,15670267
221,SWONLWN,8247161,15668460
222,SWONLWN,8247161,15670267
223,SWONLWN,8247161,15669872
224,SWONLWN,8247161,15670269
225,SWONLWN,8247161,15669878
226,SWNEOSH,7663653,15668378
227,SWNEOSH,7663653,15670157
228,SWNEOSH,7663653,15669878
229,SWNEOSH,7663653,15670250
230,SWNEOSH,7663653,15669861
231,SSSEWCH,8094384,15668688
232,SSSEWCH,8094384,7572432
233,SSSEWCH,8094384,34987110
234,SSSEWCH,8094384,7578354
235,SSSEWCH,8094384,7593949
236,SWRHHWL,7516989,15668381
237,SWRHHWL,7516989,15668462
238,SWRHHWL,7516989,15669764
239,SWRHHWL,7516989,15668685
240,SWRHHWL,7516989,15669988
241,SWHRCEO,8131359,15668467
242,SWHRCEO,8131359,15668378
243,SWHRCEO,8131359,15668451
244,SWHRCEO,8131359,15668469
245,SWHRCEO,8131359,15668462
246,SWLSCLN,8119388,15669878
247,SWLSCLN,8119388,15669880
248,SWLSCLN,8119388,15669777
249,SWLSCLN,8119388,7580802
250,SWLSCLN,8119388,15668520
251,SSWELWZ,8149245,15669821
252,SSWELWZ,8149245,15669783
253,SSWELWZ,8149245,15669760
254,SSWELWZ,8149245,15669780
255,SSWELWZ,8149245,15669860
256,SWNEESC,7518687,15668460
257,SWNEESC,7518687,15669878
258,SWNEESC,7518687,15668452
259,SWNEESC,7518687,15668457
260,SWNEESC,7518687,15668471
261,SWLCCWC,8169684,15668465
262,SWLCCWC,8169684,15668379
263,SWLCCWC,8169684,15668688
264,SWLCCWC,8169684,15668468
265,SWLCCWC,8169684,15669772
266,SSLRELN,8283998,15668379
267,SSLRELN,8283998,15668381
268,SSLRELN,8283998,15669778
269,SSLRELN,8283998,15668460
270,SSLRELN,8283998,15668457
271,SSWZRHL,8342762,15668460
272,SSWZRHL,8342762,15668381
273,SSWZRHL,8342762,15668468
274,SSWZRHL,8342762,15668465
275,SSWZRHL,8342762,15669772
276,SWREHHO,8337624,15668379
277,SWREHHO,8337624,15668451
278,SWREHHO,8337624,15669772
279,SWREHHO,8337624,15668471
280,SWREHHO,8337624,15670241
281,SSLREZW,8101018,15670260
282,SSLREZW,8101018,15668466
283,SSLREZW,8101018,15670252
284,SSLREZW,8101018,15670163
285,SSLREZW,8101018,15668381
286,SWNZHZN,8140923,15669878
287,SWNZHZN,8140923,15669760
288,SWNZHZN,8140923,7624790
289,SWNZHZN,8140923,15669821
290,SWNZHZN,8140923,15669780
291,SSSCOOH,8061961,15668688
292,SSSCOOH,8061961,15668379
293,SSSCOOH,8061961,15668451
294,SSSCOOH,8061961,15668457
295,SSSCOOH,8061961,15668460
296,SWRLHOS,8269031,15670260
297,SWRLHOS,8269031,15668594
298,SWRLHOS,8269031,15670248
299,SWRLHOS,8269031,34987110
300,SWRLHOS,8269031,7613346
301,SWNNOWW,7730836,15668467
302,SWNNOWW,7730836,15668455
303,SWNNOWW,7730836,15669910
304,SWNNOWW,7730836,7572300
305,SWNNOWW,7730836,7572298
306,SWOCNCN,8322799,7629390
307,SWOCNCN,8322799,15669783
308,SWOCNCN,8322799,15669860
309,SWOCNCN,8322799,7580823
310,SWOCNCN,8322799,7569799
311,SWNRWOH,7826605,15669878
312,SWNRWOH,7826605,15669880
313,SWNRWOH,7826605,15669864
314,SWNRWOH,7826605,15668378
315,SWNRWOH,7826605,15668458
316,SWLLESL,7812284,15668378
317,SWLLESL,7812284,15668478
318,SWLLESL,7812284,15669863
319,SWLLESL,7812284,15669769
320,SWLLESL,7812284,15669772
321,SSSHNNH,8079315,15668460
322,SSSHNNH,8079315,15668462
323,SSSHNNH,8079315,15668521
324,SSSHNNH,8079315,15669778
325,SSSHNNH,8079315,15669861
326,SSCZRCZ,8087495,15668521
327,SSCZRCZ,8087495,34990774
328,SSCZRCZ,8087495,7569805
329,SSCZRCZ,8087495,15669789
330,SSCZRCZ,8087495,15668467
331,SWLSZWZ,7830638,15669780
332,SWLSZWZ,7830638,15668460
333,SWLSZWZ,7830638,15669824
334,SWLSZWZ,7830638,15669880
335,SWLSZWZ,7830638,15669861
336,SWCCSEN,8265392,15669764
337,SWCCSEN,8265392,15668379
338,SWCCSEN,8265392,15668378
339,SWCCSEN,8265392,15668468
340,SWCCSEN,8265392,15668478
341,SWNNZOR,7756215,15668460
342,SWNNZOR,7756215,15668468
343,SWNNZOR,7756215,15668474
344,SWNNZOR,7756215,15668452
345,SWNNZOR,7756215,15668454
346,SSWRLZN,8096359,15668467
347,SSWRLZN,8096359,15668462
348,SSWRLZN,8096359,15668457
349,SSWRLZN,8096359,15668458
350,SSWRLZN,8096359,15669764
351,SSZLWLC,8192688,15668460
352,SSZLWLC,8192688,15668467
353,SSZLWLC,8192688,15668455
354,SSZLWLC,8192688,15668465
355,SSZLWLC,8192688,15668462
356,SSSNESR,8205042,15668460
357,SSSNESR,8205042,15669864
358,SSSNESR,8205042,15669764
359,SSSNESR,8205042,15668458
360,SSSNESR,8205042,15669866
361,SWCOLON,8087997,15668478
362,SWCOLON,8087997,15668381
363,SWCOLON,8087997,15668378
364,SWCOLON,8087997,15668467
365,SWCOLON,8087997,15668451
366,SSLNESH,8071092,7580823
367,SSLNESH,8071092,7570665
368,SSLNESH,8071092,15668465
369,SSLNESH,8071092,15669760
370,SSLNESH,8071092,15668469
371,SSWWLCZ,8180759,15669780
372,SSWWLCZ,8180759,15668381
373,SSWWLCZ,8180759,15668379
374,SSWWLCZ,8180759,15668465
375,SSWWLCZ,8180759,15669881
376,SWLECZN,7504989,15668688
377,SWLECZN,7504989,15668460
378,SWLECZN,7504989,15668462
379,SWLECZN,7504989,15669869
380,SWLECZN,7504989,15668478
381,SWRELHW,7493590,15669878
382,SWRELHW,7493590,15669864
383,SWRELHW,7493590,15669772
384,SWRELHW,7493590,15668381
385,SWRELHW,7493590,15669760
386,SWOSCLE,7585530,15668468
387,SWOSCLE,7585530,15668465
388,SWOSCLE,7585530,15668379
389,SWOSCLE,7585530,15668451
390,SWOSCLE,7585530,15669878
391,SSRRSOZ,8170383,15669776
392,SSRRSOZ,8170383,15669818
393,SSRRSOZ,8170383,15669861
394,SSRRSOZ,8170383,15669881
395,SSRRSOZ,8170383,15669965
396,SSWREEE,8230690,15669764
397,SSWREEE,8230690,15669866
398,SSWREEE,8230690,15669765
399,SSWREEE,8230690,15669769
400,SSWREEE,8230690,29247044
401,SWHCOOW,8214422,15668468
402,SWHCOOW,8214422,15668688
403,SWHCOOW,8214422,15669824
404,SWHCOOW,8214422,15668594
405,SWHCOOW,8214422,15669874
406,SSLLLZC,8083432,15669780
407,SSLLLZC,8083432,15668380
408,SSLLLZC,8083432,15668467
409,SSLLLZC,8083432,15670269
410,SSLLLZC,8083432,15669878
411,SSNNSRR,8256966,15669777
412,SSNNSRR,8256966,15670267
413,SSNNSRR,8256966,15669869
414,SSNNSRR,8256966,15669857
415,SSNNSRR,8256966,15670269
416,SWLLREW,7618192,15668476
417,SWLLREW,7618192,15668473
418,SWLLREW,7618192,15668459
419,SWLLREW,7618192,15670241
420,SWLLREW,7618192,15668381
421,SSWCOLR,8065871,15668460
422,SSWCOLR,8065871,21409124
423,SSWCOLR,8065871,15668462
424,SSWCOLR,8065871,15668469
425,SSWCOLR,8065871,15668473
426,SSCZESH,8066070,15668379
427,SSCZESH,8066070,15669869
428,SSCZESH,8066070,15669772
429,SSCZESH,8066070,15668460
430,SSCZESH,8066070,15669860
431,SWLZRZH,8120159,15668465
432,SWLZRZH,8120159,15669778
433,SWLZRZH,8120159,15668478
434,SWLZRZH,8120159,15668451
435,SWLZRZH,8120159,15668458
436,SWOHOZL,8287030,15669764
437,SWOHOZL,8287030,15669821
438,SWOHOZL,8287030,15669861
439,SWOHOZL,8287030,15669776
440,SWOHOZL,8287030,15669771
441,SWORWHW,7448378,15668468
442,SWORWHW,7448378,15668379
443,SWORWHW,7448378,15669863
444,SWORWHW,7448378,15668688
445,SWORWHW,7448378,15668462
446,SWNZOLC,8072719,15668685
447,SWNZOLC,8072719,15668457
448,SWNZOLC,8072719,15668468
449,SWNZOLC,8072719,15668378
450,SWNZOLC,8072719,15669860
451,SSRCEWZ,8108141,15669860
452,SSRCEWZ,8108141,15669856
453,SSRCEWZ,8108141,7547271
454,SSRCEWZ,8108141,15669765
455,SSRCEWZ,8108141,15669977
456,SWOOOLL,7559166,15668688
457,SWOOOLL,7559166,15668467
458,SWOOOLL,7559166,15668468
459,SWOOOLL,7559166,15668478
460,SWOOOLL,7559166,15668455
461,SWESSEO,7489019,15668379
462,SWESSEO,7489019,15668465
463,SWESSEO,7489019,15670251
464,SWESSEO,7489019,15668468
465,SWESSEO,7489019,15668457
466,SWNESWN,7863862,15669760
467,SWNESWN,7863862,15669863
468,SWNESWN,7863862,15669773
469,SWNESWN,7863862,15669861
470,SWNESWN,7863862,15669881
471,SSLLREN,8149114,15668688
472,SSLLREN,8149114,15668478
473,SSLLREN,8149114,15669775
474,SSLLREN,8149114,15669780
475,SSLLREN,8149114,15669824
476,SWONWWS,7707108,15668462
477,SWONWWS,7707108,15668685
478,SWONWWS,7707108,15669869
479,SWONWWS,7707108,15669764
480,SWONWWS,7707108,15669861
481,SWLWHWC,7565166,15668688
482,SWLWHWC,7565166,15668467
483,SWLWHWC,7565166,15668473
484,SWLWHWC,7565166,15668478
485,SWLWHWC,7565166,15668457
486,SSWNRHC,8384422,15669764
487,SSWNRHC,8384422,15668688
488,SSWNRHC,8384422,15669783
489,SSWNRHC,8384422,15668379
490,SSWNRHC,8384422,15669770
491,SSSWSNS,8162986,15669760
492,SSSWSNS,8162986,7625765
493,SSSWSNS,8162986,15669764
494,SSSWSNS,8162986,15669818
495,SSSWSNS,8162986,15669878
496,SWNRLOS,8074475,15669789
497,SWNRLOS,8074475,15669803
498,SWNRLOS,8074475,15669881
499,SWNRLOS,8074475,15669861
500,SWNRLOS,8074475,15669864
501,SSCZSEE,8102389,15668381
502,SSCZSEE,8102389,15669777
503,SSCZSEE,8102389,15669814
504,SSCZSEE,8102389,15669817
505,SSCZSEE,8102389,15668449
506,SSNRHCO,8142419,15669872
507,SSNRHCO,8142419,15669887
508,SSNRHCO,8142419,7718555
509,SSNRHCO,8142419,15669886
510,SSNRHCO,8142419,34987566
511,SWHENWW,8346285,15669857
512,SWHENWW,8346285,15669818
513,SWHENWW,8346285,15669763
514,SWHENWW,8346285,15669815
515,SWHENWW,8346285,29247044
516,SWOZSCZ,8092443,15669799
517,SWOZSCZ,8092443,15669814
518,SWOZSCZ,8092443,15669764
519,SWOZSCZ,8092443,34987566
520,SWOZSCZ,8092443,15669776
521,SWEONLR,8152823,15669767
522,SWEONLR,8152823,15669870
523,SWEONLR,8152823,34986118
524,SWEONLR,8152823,15669881
525,SWEONLR,8152823,15669771
526,SWCENNH,7345164,15668688
527,SWCENNH,7345164,15668416
528,SWCENNH,7345164,15668462
529,SWCENNH,7345164,15668460
530,SWCENNH,7345164,15668379
531,SSCLSCL,8080057,15668473
532,SSCLSCL,8080057,15668416
533,SSCLSCL,8080057,15668453
534,SSCLSCL,8080057,15668463
535,SSCLSCL,8080057,15668460
536,SWEHORE,7421133,7580089
537,SWEHORE,7421133,15670260
538,SWEHORE,7421133,15670157
539,SWEHORE,7421133,15670241
540,SWEHORE,7421133,7572307
541,SSONROH,8124069,15668381
542,SSONROH,8124069,15668519
543,SSONROH,8124069,15668462
544,SSONROH,8124069,15668457
545,SSONROH,8124069,15669887
546,SSCRSZS,8209386,15669817
547,SSCRSZS,8209386,15670267
548,SSCRSZS,8209386,15669866
549,SSCRSZS,8209386,21409002
550,SSCRSZS,8209386,7580802
551,SWREHOR,8112726,15669869
552,SWREHOR,8112726,15669777
553,SWREHOR,8112726,15669878
554,SWREHOR,8112726,15669861
555,SWREHOR,8112726,15669780
556,SWLEWSE,7764086,15669878
557,SWLEWSE,7764086,15669869
558,SWLEWSE,7764086,15669880
559,SWLEWSE,7764086,15669863
560,SWLEWSE,7764086,15669780
561,SWOCLHE,7785531,15669869
562,SWOCLHE,7785531,15668468
563,SWOCLHE,7785531,15669885
564,SWOCLHE,7785531,15668416
565,SWOCLHE,7785531,15669995
566,SSZZZOE,7724198,15668478
567,SSZZZOE,7724198,15670157
568,SSZZZOE,7724198,15668468
569,SSZZZOE,7724198,15668457
570,SSZZZOE,7724198,15668474
571,SWCHOEW,8139620,15668381
572,SWCHOEW,8139620,15668467
573,SWCHOEW,8139620,15668458
574,SWCHOEW,8139620,15668466
575,SWCHOEW,8139620,15668465
576,SWLNZNC,8088038,15669780
577,SWLNZNC,8088038,15669835
578,SWLNZNC,8088038,15669790
579,SWLNZNC,8088038,15669878
580,SWLNZNC,8088038,15668381
581,SSCRSWO,8087273,15668458
582,SSCRSWO,8087273,15668460
583,SSCRSWO,8087273,15669860
584,SSCRSWO,8087273,15669863
585,SSCRSWO,8087273,15669864
586,SSNZRZN,8213907,15669878
587,SSNZRZN,8213907,34987566
588,SSNZRZN,8213907,15669860
589,SSNZRZN,8213907,15669864
590,SSNZRZN,8213907,15669881
591,SSHOZRZ,8078727,15669880
592,SSHOZRZ,8078727,15669869
593,SSHOZRZ,8078727,15668451
594,SSHOZRZ,8078727,15669872
595,SSHOZRZ,8078727,15668465
596,SWHNLCN,8356240,15668460
597,SWHNLCN,8356240,15668381
598,SWHNLCN,8356240,15668458
599,SWHNLCN,8356240,15668462
600,SWHNLCN,8356240,15670267
601,SWRHNWW,7654205,15669777
602,SWRHNWW,7654205,15669835
603,SWRHNWW,7654205,15669776
604,SWRHNWW,7654205,15669878
605,SWRHNWW,7654205,15669780
606,SWOSOHE,8150875,15669870
607,SWOSOHE,8150875,15669780
608,SWOSOHE,8150875,7580823
609,SWOSOHE,8150875,15669818
610,SWOSOHE,8150875,15668688
611,SSEWSRE,8127465,15668460
612,SSEWSRE,8127465,15669777
613,SSEWSRE,8127465,15668465
614,SSEWSRE,8127465,15668473
615,SSEWSRE,8127465,15669830
616,SWLLZCE,7821280,15669772
617,SWLLZCE,7821280,15669864
618,SWLLZCE,7821280,15669764
619,SWLLZCE,7821280,15669763
620,SWLLZCE,7821280,15669821
621,SWLZNHZ,7717595,15669878
622,SWLZNHZ,7717595,15669864
623,SWLZNHZ,7717595,15669869
624,SWLZNHZ,7717595,15668462
625,SWLZNHZ,7717595,15669861
626,SSWOOZW,8106238,15668685
627,SSWOOZW,8106238,15668460
628,SSWOOZW,8106238,15668688
629,SSWOOZW,8106238,15670157
630,SSWOOZW,8106238,15668468
631,SWLCOHC,8342609,15668478
632,SWLCOHC,8342609,15668688
633,SWLCOHC,8342609,15669818
634,SWLCOHC,8342609,15669780
635,SWLCOHC,8342609,15668460
636,SWERHHR,7633637,15668381
637,SWERHHR,7633637,15668378
638,SWERHHR,7633637,15668687
639,SWERHHR,7633637,15669760
640,SWERHHR,7633637,15669780
641,SSCWNSN,8083038,15669859
642,SSCWNSN,8083038,15668478
643,SSCWNSN,8083038,15669821
644,SSCWNSN,8083038,15669776
645,SSCWNSN,8083038,15669778
646,SWRCSSC,7608368,15669832
647,SWRCSSC,7608368,15668467
648,SWRCSSC,7608368,15669887
649,SWRCSSC,7608368,15668687
650,SWRCSSC,7608368,7689511
651,SWORNSW,8081573,15668460
652,SWORNSW,8081573,15670267
653,SWORNSW,8081573,15668378
654,SWORNSW,8081573,15668381
655,SWORNSW,8081573,7580855
656,SWLERES,8172842,15669776
657,SWLERES,8172842,15668379
658,SWLERES,8172842,15669861
659,SWLERES,8172842,15668467
660,SWLERES,8172842,15668451
661,SWLHWZE,7809643,15669878
662,SWLHWZE,7809643,15668381
663,SWLHWZE,7809643,15669781
664,SWLHWZE,7809643,15669887
665,SWLHWZE,7809643,15668480
666,SWHELSW,8276533,15669863
667,SWHELSW,8276533,15668381
668,SWHELSW,8276533,15669761
669,SWHELSW,8276533,15669878
670,SWHELSW,8276533,15668468
671,SSLOZSC,8220172,15668467
672,SSLOZSC,8220172,15669887
673,SSLOZSC,8220172,15669764
674,SSLOZSC,8220172,15669818
675,SSLOZSC,8220172,15670267
676,SWOSZOL,8075344,15668688
677,SWOSZOL,8075344,15668416
678,SWOSZOL,8075344,34990774
679,SWOSZOL,8075344,15670251
680,SWOSZOL,8075344,15668460
681,SWLCEZW,8106290,15668460
682,SWLCEZW,8106290,15669866
683,SWLCEZW,8106290,15669778
684,SWLCEZW,8106290,15669777
685,SWLCEZW,8106290,15669817
686,SWNNNES,7862618,15668379
687,SWNNNES,7862618,15669772
688,SWNNNES,7862618,15669780
689,SWNNNES,7862618,15669856
690,SWNNNES,7862618,15669777
691,SSSZCHS,8256944,15669775
692,SSSZCHS,8256944,15669790
693,SSSZCHS,8256944,15669886
694,SSSZCHS,8256944,15668378
695,SSSZCHS,8256944,15669770
696,SSLWESO,8133880,15668465
697,SSLWESO,8133880,15668381
698,SSLWESO,8133880,15668460
699,SSLWESO,8133880,15669775
700,SSLWESO,8133880,15668468
701,SWOORON,8200309,15669856
702,SWOORON,8200309,15669864
703,SWOORON,8200309,15669878
704,SWOORON,8200309,15669965
705,SWOORON,8200309,15669880
706,SWNOLEE,7604413,15669878
707,SWNOLEE,7604413,15668478
708,SWNOLEE,7604413,15668465
709,SWNOLEE,7604413,15669780
710,SWNOLEE,7604413,15668467
711,SSLSNCH,8120853,15668379
712,SSLSNCH,8120853,15668478
713,SSLSNCH,8120853,15668416
714,SSLSNCH,8120853,15670251
715,SSLSNCH,8120853,15668378
716,SWHERHH,8064356,15668478
717,SWHERHH,8064356,15668685
718,SWHERHH,8064356,15668688
719,SWHERHH,8064356,15668465
720,SWHERHH,8064356,15668462
721,SWHLSNW,7515099,15668379
722,SWHLSNW,7515099,15668462
723,SWHLSNW,7515099,15669869
724,SWHLSNW,7515099,15670267
725,SWHLSNW,7515099,15668473
726,SWLLLCW,7819500,15669772
727,SWLLLCW,7819500,15668688
728,SWLLLCW,7819500,15668383
729,SWLLLCW,7819500,7753734
730,SWLLLCW,7819500,15668456
731,SSNLZHH,8080596,15668480
732,SSNLZHH,8080596,15669772
733,SSNLZHH,8080596,7569801
734,SSNLZHH,8080596,34986449
735,SSNLZHH,8080596,15668460
736,SSOEZWZ,8086954,15670269
737,SSOEZWZ,8086954,15668460
738,SSOEZWZ,8086954,21409004
739,SSOEZWZ,8086954,15669880
740,SSOEZWZ,8086954,7572254
741,SSZZLOE,8156893,15668379
742,SSZZLOE,8156893,15668685
743,SSZZLOE,8156893,15670251
744,SSZZLOE,8156893,15668467
745,SSZZLOE,8156893,15668478
746,SWEORLR,8129915,15668688
747,SWEORLR,8129915,15668460
748,SWEORLR,8129915,15668465
749,SWEORLR,8129915,15668462
750,SWEORLR,8129915,15668451
751,SWLRZNL,7503858,15668460
752,SWLRZNL,7503858,15668688
753,SWLRZNL,7503858,15668462
754,SWLRZNL,7503858,15668449
755,SWLRZNL,7503858,15668455
756,SWNRHWZ,8145266,15669838
757,SWNRHWZ,8145266,15669880
758,SWNRHWZ,8145266,15670267
759,SWNRHWZ,8145266,15669861
760,SWNRHWZ,8145266,21408952
761,SWLNECZ,7584632,15669864
762,SWLNECZ,7584632,15669859
763,SWLNECZ,7584632,15669863
764,SWLNECZ,7584632,15669778
765,SWLNECZ,7584632,15669771
766,SSRENSZ,8069362,15668465
767,SSRENSZ,8069362,15668462
768,SSRENSZ,8069362,15668451
769,SSRENSZ,8069362,15669764
770,SSRENSZ,8069362,15669772
771,SSNCWZO,8083081,15670250
772,SSNCWZO,8083081,15668468
773,SSNCWZO,8083081,15668685
774,SSNCWZO,8083081,15670246
775,SSNCWZO,8083081,15670245
776,SWLWCSW,7806900,15669878
777,SWLWCSW,7806900,15669780
778,SWLWCSW,7806900,15669778
779,SWLWCSW,7806900,15669863
780,SWLWCSW,7806900,15669861
781,SWCSEHL,7587814,15668465
782,SWCSEHL,7587814,15668460
783,SWCSEHL,7587814,15668478
784,SWCSEHL,7587814,15669760
785,SWCSEHL,7587814,15669773
786,SWLWNSW,8328427,15669778
787,SWLWNSW,8328427,15669760
788,SWLWNSW,8328427,15669764
789,SWLWNSW,8328427,15669860
790,SWLWNSW,8328427,15669863
791,SWOOLLE,8194178,15668378
792,SWOOLLE,8194178,15668381
793,SWOOLLE,8194178,15668379
794,SWOOLLE,8194178,15668457
795,SWOOLLE,8194178,15668478
796,SWLROCE,7824172,15668378
797,SWLROCE,7824172,15668688
798,SWLROCE,7824172,15668478
799,SWLROCE,7824172,15668455
800,SWLROCE,7824172,15668383
801,SSRHSRW,8181093,15668466
802,SSRHSRW,8181093,15668685
803,SSRHSRW,8181093,15668381
804,SSRHSRW,8181093,15668494
805,SSRHSRW,8181093,15668468
806,SSRWCWC,8070264,15668381
807,SSRWCWC,8070264,15668460
808,SSRWCWC,8070264,15669856
809,SSRWCWC,8070264,15668468
810,SSRWCWC,8070264,15669762
811,SSZLLCR,8289409,15668416
812,SSZLLCR,8289409,15669781
813,SSZLLCR,8289409,15669814
814,SSZLLCR,8289409,15668379
815,SSZLLCR,8289409,15668688
816,SWLWCLW,7793755,7590867
817,SWLWCLW,7793755,15668467
818,SWLWCLW,7793755,15668688
819,SWLWCLW,7793755,15668381
820,SWLWCLW,7793755,15668378
821,SSLWHRH,8122344,15668465
822,SSLWHRH,8122344,15668381
823,SSLWHRH,8122344,7585571
824,SSLWHRH,8122344,15668688
825,SSLWHRH,8122344,15668378
826,SWCZZNN,7476772,15669780
827,SWCZZNN,7476772,15669769
828,SWCZZNN,7476772,15668379
829,SWCZZNN,7476772,15668460
830,SWCZZNN,7476772,15668381
831,SSEOLNO,8074536,15669856
832,SSEOLNO,8074536,15668462
833,SSEOLNO,8074536,15669869
834,SSEOLNO,8074536,15670267
835,SSEOLNO,8074536,15669815
836,SWNSWNZ,7734225,15669777
837,SWNSWNZ,7734225,15669780
838,SWNSWNZ,7734225,15669863
839,SWNSWNZ,7734225,15669869
840,SWNSWNZ,7734225,15669880
841,SWNSRNC,7783825,15668465
842,SWNSRNC,7783825,15668467
843,SWNSRNC,7783825,15669878
844,SWNSRNC,7783825,15668468
845,SWNSRNC,7783825,15668459
846,SWONORL,8089133,7580802
847,SWONORL,8089133,15668462
848,SWONORL,8089133,15668478
849,SWONORL,8089133,15668378
850,SWONORL,8089133,15669884
851,SWLNNNE,7719372,15669775
852,SWLNNNE,7719372,15669857
853,SWLNNNE,7719372,7587673
854,SWLNNNE,7719372,7587669
855,SWLNNNE,7719372,15669832
856,SWLSWLN,7406145,15669814
857,SWLSWLN,7406145,15669821
858,SWLSWLN,7406145,15669878
859,SWLSWLN,7406145,15669832
860,SWLSWLN,7406145,15669869
861,SWNLZNW,7526450,15668381
862,SWNLZNW,7526450,15668468
863,SWNLZNW,7526450,15668379
864,SWNLZNW,7526450,15668459
865,SWNLZNW,7526450,15670144
866,SWERWCW,8170027,15668378
867,SWERWCW,8170027,15668416
868,SWERWCW,8170027,15668594
869,SWERWCW,8170027,15668494
870,SWERWCW,8170027,15668465
871,SWNWCOL,7653432,15668381
872,SWNWCOL,7653432,15668378
873,SWNWCOL,7653432,15670157
874,SWNWCOL,7653432,15669780
875,SWNWCOL,7653432,15668465
876,SWNHZEE,7782046,15668468
877,SWNHZEE,7782046,15668478
878,SWNHZEE,7782046,15669863
879,SWNHZEE,7782046,15668381
880,SWNHZEE,7782046,15670251
881,SWLWNLC,8193965,15669872
882,SWLWNLC,8193965,15669881
883,SWLWNLC,8193965,34992815
884,SWLWNLC,8193965,15669791
885,SWLWNLC,8193965,93073679
886,SSNENRR,8355249,15668688
887,SSNENRR,8355249,15668685
888,SSNENRR,8355249,15669887
889,SSNENRR,8355249,15669965
890,SSNENRR,8355249,34986125
891,SWHRZSW,8120435,15669774
892,SWHRZSW,8120435,15669884
893,SWHRZSW,8120435,7580823
894,SWHRZSW,8120435,15669828
895,SWHRZSW,8120435,15669821
896,SSCNLEC,8183211,15668458
897,SSCNLEC,8183211,15668469
898,SSCNLEC,8183211,15668463
899,SSCNLEC,8183211,15668377
900,SSCNLEC,8183211,21409004
901,SWNHHOR,7760313,15669778
902,SWNHHOR,7760313,15668381
903,SWNHHOR,7760313,15669881
904,SWNHHOR,7760313,15669856
905,SWNHHOR,7760313,15669875
906,SWLRHSR,7749985,15668378
907,SWLRHSR,7749985,15668688
908,SWLRHSR,7749985,15669762
909,SWLRHSR,7749985,15669772
910,SWLRHSR,7749985,15669864
911,SSERNHC,8182610,15669777
912,SSERNHC,8182610,15669872
913,SSERNHC,8182610,15669790
914,SSERNHC,8182610,15669863
915,SSERNHC,8182610,15669860
916,SSERELN,8133653,15668381
917,SSERELN,8133653,15668465
918,SSERELN,8133653,15669887
919,SSERELN,8133653,15669780
920,SSERELN,8133653,15668468
921,SWRLOEC,8095702,15669780
922,SWRLOEC,8095702,15669856
923,SWRLOEC,8095702,15670267
924,SWRLOEC,8095702,7580823
925,SWRLOEC,8095702,15670007
926,SWOCEOZ,8270508,15669869
927,SWOCEOZ,8270508,15669880
928,SWOCEOZ,8270508,15669818
929,SWOCEOZ,8270508,15669777
930,SWOCEOZ,8270508,7580823
931,SWEOLLO,7362980,15668478
932,SWEOLLO,7362980,15668379
933,SWEOLLO,7362980,15669878
934,SWEOLLO,7362980,15669869
935,SWEOLLO,7362980,15669764
936,SWNWHRL,7487417,15669777
937,SWNWHRL,7487417,15669880
938,SWNWHRL,7487417,15669760
939,SWNWHRL,7487417,15669863
940,SWNWHRL,7487417,15669870
941,SWCCWNZ,7341985,15669878
942,SWCCWNZ,7341985,15669861
943,SWCCWNZ,7341985,15669780
944,SWCCWNZ,7341985,15669821
945,SWCCWNZ,7341985,15668460
946,SWENOEW,8380659,15668381
947,SWENOEW,8380659,15669869
948,SWENOEW,8380659,15668378
949,SWENOEW,8380659,15669887
950,SWENOEW,8380659,15669769
951,SWEOOLR,8096457,15668378
952,SWEOOLR,8096457,15670157
953,SWEOOLR,8096457,15670251
954,SWEOOLR,8096457,15669880
955,SWEOOLR,8096457,15669872
956,SSSHLNW,8083357,15669861
957,SSSHLNW,8083357,15669760
958,SSSHLNW,8083357,15669860
959,SSSHLNW,8083357,15669887
960,SSSHLNW,8083357,15669778
961,SSHEECO,8120360,15669760
962,SSHEECO,8120360,15668379
963,SSHEECO,8120360,15668460
964,SSHEECO,8120360,15668468
965,SSHEECO,8120360,15668451
966,SSLZROS,8289766,15670269
967,SSLZROS,8289766,15668381
968,SSLZROS,8289766,15668460
969,SSLZROS,8289766,15669832
970,SSLZROS,8289766,15668458
971,SSRZOES,8344961,15669861
972,SSRZOES,8344961,15669814
973,SSRZOES,8344961,15669772
974,SSRZOES,8344961,15668688
975,SSRZOES,8344961,15669823
976,SWOCOOS,7757206,15668470
977,SWOCOOS,7757206,15669778
978,SWOCOOS,7757206,15668467
979,SWOCOOS,7757206,15668688
980,SWOCOOS,7757206,15668460
981,SSZSNZN,8338252,15669878
982,SSZSNZN,8338252,15669760
983,SSZSNZN,8338252,15669856
984,SSZSNZN,8338252,15668378
985,SSZSNZN,8338252,34986129
986,SWLRHRL,8141498,15669777
987,SWLRHRL,8141498,15669872
988,SWLRHRL,8141498,15669790
989,SWLRHRL,8141498,15669776
990,SWLRHRL,8141498,15669880
991,SSOSHZS,8177589,15668478
992,SSOSHZS,8177589,15668465
993,SSOSHZS,8177589,15668378
994,SSOSHZS,8177589,15669780
995,SSOSHZS,8177589,15668473
996,SSZLEOL,8153266,15669860
997,SSZLEOL,8153266,15669878
998,SSZLEOL,8153266,15669861
999,SSZLEOL,8153266,15668468
1000,SSZLEOL,8153266,15668378
1001,SSRWONW,8265380,15669824
1002,SSRWONW,8265380,15669856
1003,SSRWONW,8265380,7625556
1004,SSRWONW,8265380,15670267
1005,SSRWONW,8265380,15669760
1006,SWOCNOH,7525683,15670160
1007,SWOCNOH,7525683,15670192
1008,SWOCNOH,7525683,15670196
1009,SWOCNOH,7525683,15670252
1010,SWOCNOH,7525683,15670241
1011,SWLHONH,8108886,15669832
1012,SWLHONH,8108886,15669880
1013,SWLHONH,8108886,15669872
1014,SWLHONH,8108886,15669883
1015,SWLHONH,8108886,15669775
1016,SWOECRH,7431323,15668460
1017,SWOECRH,7431323,15668462
1018,SWOECRH,7431323,15670157
1019,SWOECRH,7431323,15670251
1020,SWOECRH,7431323,15668379
1021,SSZWROC,8353022,15668379
1022,SSZWROC,8353022,15668478
1023,SSZWROC,8353022,15668468
1024,SSZWROC,8353022,15669885
1025,SSZWROC,8353022,15669772
1026,SWOERZO,7783137,15668478
1027,SWOERZO,7783137,15668378
1028,SWOERZO,7783137,15669821
1029,SWOERZO,7783137,15669861
1030,SWOERZO,7783137,15669802
1031,SWEZZLR,8131353,15670267
1032,SWEZZLR,8131353,15669790
1033,SWEZZLR,8131353,15669760
1034,SWEZZLR,8131353,15669880
1035,SWEZZLR,8131353,15669767
1036,SWOSECL,8356860,15669856
1037,SWOSECL,8356860,15669861
1038,SWOSECL,8356860,15669835
1039,SWOSECL,8356860,15669872
1040,SWOSECL,8356860,15669760
1041,SSSWORL,8131815,15668460
1042,SSSWORL,8131815,15669864
1043,SSSWORL,8131815,15669880
1044,SSSWORL,8131815,15669821
1045,SSSWORL,8131815,15669775
1046,SSSREHN,8110925,15669875
1047,SSSREHN,8110925,15669780
1048,SSSREHN,8110925,7585571
1049,SSSREHN,8110925,15669869
1050,SSSREHN,8110925,7585573
1051,SSRLORR,8099217,15668379
1052,SSRLORR,8099217,15669780
1053,SSRLORR,8099217,15668465
1054,SSRLORR,8099217,15668458
1055,SSRLORR,8099217,15669887
1056,SSZEWNZ,7517755,15668379
1057,SSZEWNZ,7517755,15668688
1058,SSZEWNZ,7517755,15668465
1059,SSZEWNZ,7517755,15670260
1060,SSZEWNZ,7517755,15670241
1061,SWHOOOO,8182845,15670157
1062,SWHOOOO,8182845,15668480
1063,SWHOOOO,8182845,15668465
1064,SWHOOOO,8182845,15670251
1065,SWHOOOO,8182845,15668495
1066,SWNNRHE,8077922,15669832
1067,SWNNRHE,8077922,34986112
1068,SWNNRHE,8077922,15669860
1069,SWNNRHE,8077922,15669861
1070,SWNNRHE,8077922,15669776
1071,SWEEWEL,7682148,15668381
1072,SWEEWEL,7682148,15670251
1073,SWEEWEL,7682148,15668468
1074,SWEEWEL,7682148,15668689
1075,SWEEWEL,7682148,15670260
1076,SWNZWNZ,8374672,15669864
1077,SWNZWNZ,8374672,15669772
1078,SWNZWNZ,8374672,15669856
1079,SWNZWNZ,8374672,15669780
1080,SWNZWNZ,8374672,15669818
1081,SSRNLNN,8065270,15669776
1082,SSRNLNN,8065270,15669857
1083,SSRNLNN,8065270,15669821
1084,SSRNLNN,8065270,15669760
1085,SSRNLNN,8065270,15669856
1086,SWEWCER,8153963,15668381
1087,SWEWCER,8153963,15668467
1088,SWEWCER,8153963,15668474
1089,SWEWCER,8153963,15668465
1090,SWEWCER,8153963,15668451
1091,SWHONHS,8226177,15668460
1092,SWHONHS,8226177,15668379
1093,SWHONHS,8226177,15668462
1094,SWHONHS,8226177,15669856
1095,SWHONHS,8226177,34986122
1096,SSZLCSE,8075477,15670267
1097,SSZLCSE,8075477,15669869
1098,SSZLCSE,8075477,15669804
1099,SSZLCSE,8075477,15668478
1100,SSZLCSE,8075477,15668381
1101,SSCZOHR,8115812,15668381
1102,SSCZOHR,8115812,15668688
1103,SSCZOHR,8115812,34987567
1104,SSCZOHR,8115812,15670157
1105,SSCZOHR,8115812,15669878
1106,SSLZLCS,8096811,15669878
1107,SSLZLCS,8096811,7580802
1108,SSLZLCS,8096811,34992815
1109,SSLZLCS,8096811,15669872
1110,SSLZLCS,8096811,21408952
1111,SWNHEEW,8254821,15668381
1112,SWNHEEW,8254821,15668688
1113,SWNHEEW,8254821,15669878
1114,SWNHEEW,8254821,15668462
1115,SWNHEEW,8254821,15669772
1116,SWNEHEC,8079383,15668381
1117,SWNEHEC,8079383,15668462
1118,SWNEHEC,8079383,15668688
1119,SWNEHEC,8079383,15668467
1120,SWNEHEC,8079383,15668468
1121,SWEWWZL,8075370,15668379
1122,SWEWWZL,8075370,15668478
1123,SWEWWZL,8075370,15668688
1124,SWEWWZL,8075370,15670260
1125,SWEWWZL,8075370,15668381
1126,SSNCONE,8141684,15668460
1127,SSNCONE,8141684,15668381
1128,SSNCONE,8141684,15668688
1129,SSNCONE,8141684,15669824
1130,SSNCONE,8141684,15668462
1131,SSZLZRN,7486173,15668467
1132,SSZLZRN,7486173,15668460
1133,SSZLZRN,7486173,15669856
1134,SSZLZRN,7486173,15668453
1135,SSZLZRN,7486173,15669881
1136,SSCEWZO,8099849,15668478
1137,SSCEWZO,8099849,15668688
1138,SSCEWZO,8099849,15669789
1139,SSCEWZO,8099849,15669760
1140,SSCEWZO,8099849,34987566
1141,SWCNZWC,8089178,15669814
1142,SWCNZWC,8089178,15669790
1143,SWCNZWC,8089178,15669863
1144,SWCNZWC,8089178,15670267
1145,SWCNZWC,8089178,15669887
1146,SWOCCHL,7618684,7587698
1147,SWOCCHL,7618684,7543241
1148,SWOCCHL,7618684,15669835
1149,SWOCCHL,7618684,15670260
1150,SWOCCHL,7618684,7587679
1151,SWEENCL,7592127,7572300
1152,SWEENCL,7592127,7653522
1153,SWEENCL,7592127,7621686
1154,SWEENCL,7592127,7692619
1155,SWEENCL,7592127,7585573
1156,SWRHLLZ,8283042,15669860
1157,SWRHLLZ,8283042,15669859
1158,SWRHLLZ,8283042,15669866
1159,SWRHLLZ,8283042,15669832
1160,SWRHLLZ,8283042,15669773
1161,SSRCCNE,8099163,15669832
1162,SSRCCNE,8099163,21409004
1163,SSRCCNE,8099163,15669772
1164,SSRCCNE,8099163,15669857
1165,SSRCCNE,8099163,15669763
1166,SWOSEOE,7602550,15668478
1167,SWOSEOE,7602550,15670163
1168,SWOSEOE,7602550,15668462
1169,SWOSEOE,7602550,15670248
1170,SWOSEOE,7602550,15669764
1171,SSWNEHR,8268678,15669772
1172,SSWNEHR,8268678,15669764
1173,SSWNEHR,8268678,15669778
1174,SSWNEHR,8268678,15669760
1175,SSWNEHR,8268678,15669767
1176,SSNCZRL,8228587,15668688
1177,SSNCZRL,8228587,15668381
1178,SSNCZRL,8228587,15669861
1179,SSNCZRL,8228587,15668465
1180,SSNCZRL,8228587,15669821
1181,SWHEWCO,7559542,15668685
1182,SWHEWCO,7559542,15669780
1183,SWHEWCO,7559542,15668520
1184,SWHEWCO,7559542,15668689
1185,SWHEWCO,7559542,15668379
1186,SWLOHSN,7686461,15669878
1187,SWLOHSN,7686461,15669778
1188,SWLOHSN,7686461,15669790
1189,SWLOHSN,7686461,15669780
1190,SWLOHSN,7686461,7580802
1191,SSNLSZE,8124751,15668478
1192,SSNLSZE,8124751,15668494
1193,SSNLSZE,8124751,15668594
1194,SSNLSZE,8124751,15668460
1195,SSNLSZE,8124751,15668379
1196,SWNEWHL,7771245,15668462
1197,SWNEWHL,7771245,15668381
1198,SWNEWHL,7771245,15668379
1199,SWNEWHL,7771245,15668688
1200,SWNEWHL,7771245,15668468
1201,SWCRRCE,7544462,15669878
1202,SWCRRCE,7544462,15669780
1203,SWCRRCE,7544462,15668460
1204,SWCRRCE,7544462,15668462
1205,SWCRRCE,7544462,15668453
1206,SWLOHSW,8249884,15669778
1207,SWLOHSW,8249884,15669869
1208,SWLOHSW,8249884,7580823
1209,SWLOHSW,8249884,15669821
1210,SWLOHSW,8249884,15669864
1211,SSCRENS,8091771,15668381
1212,SSCRENS,8091771,15668685
1213,SSCRENS,8091771,15670270
1214,SSCRENS,8091771,15668379
1215,SSCRENS,8091771,15668465
1216,SSRSRSO,8352895,15669776
1217,SSRSRSO,8352895,15669817
1218,SSRSRSO,8352895,15669778
1219,SSRSRSO,8352895,15670267
1220,SSRSRSO,8352895,15669779
1221,SWNHESZ,7808939,15669764
1222,SWNHESZ,7808939,15668462
1223,SWNHESZ,7808939,15669773
1224,SWNHESZ,7808939,15668416
1225,SWNHESZ,7808939,15668459
1226,SWLSLOE,7480050,15668381
1227,SWLSLOE,7480050,15669878
1228,SWLSLOE,7480050,15669863
1229,SWLSLOE,7480050,15668378
1230,SWLSLOE,7480050,15669777
1231,SWOESOR,8209695,15669832
1232,SWOESOR,8209695,15669880
1233,SWOESOR,8209695,15668381
1234,SWOESOR,8209695,15669878
1235,SWOESOR,8209695,15669772
1236,SWLLWNL,7762269,15668478
1237,SWLLWNL,7762269,15670252
1238,SWLLWNL,7762269,15670254
1239,SWLLWNL,7762269,15670255
1240,SWLLWNL,7762269,15668379
1241,SSWSCEN,8113176,15668468
1242,SSWSCEN,8113176,15668381
1243,SSWSCEN,8113176,15669910
1244,SSWSCEN,8113176,15669856
1245,SSWSCEN,8113176,15668471
1246,SWCHLSS,8109885,15669863
1247,SWCHLSS,8109885,15669872
1248,SWCHLSS,8109885,15669817
1249,SWCHLSS,8109885,15669773
1250,SWCHLSS,8109885,15669772
1251,SSOCCZS,8336250,15669817
1252,SSOCCZS,8336250,15669870
1253,SSOCCZS,8336250,15669884
1254,SSOCCZS,8336250,15669961
1255,SSOCCZS,8336250,7574197
1256,SWOLLLE,7611197,7587675
1257,SWOLLLE,7611197,7587667
1258,SWOLLLE,7611197,7587672
1259,SWOLLLE,7611197,7587491
1260,SWOLLLE,7611197,7587661
1261,SWEHZZZ,8075791,15669804
1262,SWEHZZZ,8075791,15669832
1263,SWEHZZZ,8075791,15669799
1264,SWEHZZZ,8075791,15669772
1265,SWEHZZZ,8075791,15669764
1266,SWLOCLW,7801245,15669860
1267,SWLOCLW,7801245,15669772
1268,SWLOCLW,7801245,15669769
1269,SWLOCLW,7801245,15669856
1270,SWLOCLW,7801245,15669861
1271,SSSLEZO,8232216,15669760
1272,SSSLEZO,8232216,15669828
1273,SSSLEZO,8232216,7634445
1274,SSSLEZO,8232216,15668381
1275,SSSLEZO,8232216,15668688
1276,SWNNSSH,8274447,15668460
1277,SWNNSSH,8274447,15669764
1278,SWNNSSH,8274447,15668478
1279,SWNNSSH,8274447,15668378
1280,SWNNSSH,8274447,15668381
1281,SWOWNNR,7410387,15668478
1282,SWOWNNR,7410387,15668688
1283,SWOWNNR,7410387,15668379
1284,SWOWNNR,7410387,15668449
1285,SWOWNNR,7410387,15668465
1286,SWOWELS,8228490,15668688
1287,SWOWELS,8228490,15668379
1288,SWOWELS,8228490,15668457
1289,SWOWELS,8228490,15669832
1290,SWOWELS,8228490,15669880
1291,SWOLLEN,7402891,15668595
1292,SWOLLEN,7402891,15668460
1293,SWOLLEN,7402891,15668381
1294,SWOLLEN,7402891,15668379
1295,SWOLLEN,7402891,15669869
1296,SWHWNWL,7482551,15669760
1297,SWHWNWL,7482551,15669815
1298,SWHWNWL,7482551,15669863
1299,SWHWNWL,7482551,15669887
1300,SWHWNWL,7482551,15669860
1301,SWHSWOW,8120485,15668379
1302,SWHSWOW,8120485,15668449
1303,SWHSWOW,8120485,15669780
1304,SWHSWOW,8120485,15668381
1305,SWHSWOW,8120485,15668465
1306,SWLONLL,7820348,15668381
1307,SWLONLL,7820348,15668462
1308,SWLONLL,7820348,15668460
1309,SWLONLL,7820348,15668473
1310,SWLONLL,7820348,15668465
1311,SWHOECO,8089497,15669782
1312,SWHOECO,8089497,15669861
1313,SWHOECO,8089497,15668460
1314,SWHOECO,8089497,15668468
1315,SWHOECO,8089497,15669872
1316,SSNORLN,8101260,15668460
1317,SSNORLN,8101260,15668469
1318,SSNORLN,8101260,15668378
1319,SSNORLN,8101260,15668467
1320,SSNORLN,8101260,15668416
1321,SWNORRH,8071210,15669814
1322,SWNORRH,8071210,15670267
1323,SWNORRH,8071210,15668449
1324,SWNORRH,8071210,15669777
1325,SWNORRH,8071210,15669776
1326,SWLLWOS,8330753,15669832
1327,SWLLWOS,8330753,15669772
1328,SWLLWOS,8330753,15669869
1329,SWLLWOS,8330753,15669860
1330,SWLLWOS,8330753,15669817
1331,SSSELNE,7348817,15669775
1332,SSSELNE,7348817,15669781
1333,SSSELNE,7348817,15669821
1334,SSSELNE,7348817,15669832
1335,SSSELNE,7348817,15669772
1336,SWOSCER,7607068,15669772
1337,SWOSCER,7607068,15669869
1338,SWOSCER,7607068,15669860
1339,SWOSCER,7607068,15669863
1340,SWOSCER,7607068,15669864
1341,SWOHOZR,7699855,15668451
1342,SWOHOZR,7699855,15668383
1343,SWOHOZR,7699855,15668455
1344,SWOHOZR,7699855,15668687
1345,SWOHOZR,7699855,15668378
1346,SWNCNOL,8336683,15668478
1347,SWNCNOL,8336683,15668594
1348,SWNCNOL,8336683,15668688
1349,SWNCNOL,8336683,15668468
1350,SWNCNOL,8336683,15668381
1351,SSLSZZE,7435518,15668379
1352,SSLSZZE,7435518,15669821
1353,SSLSZZE,7435518,15670241
1354,SSLSZZE,7435518,15670251
1355,SSLSZZE,7435518,15669886
1356,SWLEOSS,7753069,15668381
1357,SWLEOSS,7753069,15668416
1358,SWLEOSS,7753069,15668468
1359,SWLEOSS,7753069,15668470
1360,SWLEOSS,7753069,7587495
1361,SWOZOSC,7728660,15668462
1362,SWOZOSC,7728660,15668452
1363,SWOZOSC,7728660,7569807
1364,SWOZOSC,7728660,7574983
1365,SWOZOSC,7728660,7637309
1366,SWRLWHS,7757462,15670250
1367,SWRLWHS,7757462,15670252
1368,SWRLWHS,7757462,15670144
1369,SWRLWHS,7757462,15668459
1370,SWRLWHS,7757462,15669760
1371,SSLOEEO,8106023,15668381
1372,SSLOEEO,8106023,15668465
1373,SSLOEEO,8106023,15670251
1374,SSLOEEO,8106023,15669771
1375,SSLOEEO,8106023,15669856
1376,SSZNNNN,8107580,7689353
1377,SSZNNNN,8107580,15669880
1378,SSZNNNN,8107580,15669824
1379,SSZNNNN,8107580,15669814
1380,SSZNNNN,8107580,7580823
1381,SWHECOO,8275225,15669832
1382,SWHECOO,8275225,15669872
1383,SWHECOO,8275225,15669770
1384,SWHECOO,8275225,15669988
1385,SWHECOO,8275225,34986129
1386,SSZRWON,8157592,15669857
1387,SSZRWON,8157592,15669781
1388,SSZRWON,8157592,15669776
1389,SSZRWON,8157592,7757971
1390,SSZRWON,8157592,15669838
1391,SWNLOLC,7813835,15669860
1392,SWNLOLC,7813835,15668460
1393,SWNLOLC,7813835,15669769
1394,SWNLOLC,7813835,15669763
1395,SWNLOLC,7813835,15668468
1396,SSWWZLW,7497374,15669772
1397,SSWWZLW,7497374,15669869
1398,SSWWZLW,7497374,15668478
1399,SSWWZLW,7497374,15669777
1400,SSWWZLW,7497374,15669832
1401,SSWNZEC,8158290,15669869
1402,SSWNZEC,8158290,15669799
1403,SSWNZEC,8158290,15669821
1404,SSWNZEC,8158290,15669823
1405,SSWNZEC,8158290,34987566
1406,SWRCLON,8085797,15668685
1407,SWRCLON,8085797,15668460
1408,SWRCLON,8085797,15668451
1409,SWRCLON,8085797,15668471
1410,SWRCLON,8085797,15668467
1411,SWHHSNW,8150141,15669780
1412,SWHHSNW,8150141,15669764
1413,SWHHSNW,8150141,15669988
1414,SWHHSNW,8150141,15669786
1415,SWHHSNW,8150141,15668381
1416,SSOSOEC,8073939,15668480
1417,SSOSOEC,8073939,15668379
1418,SSOSOEC,8073939,15668478
1419,SSOSOEC,8073939,15668378
1420,SSOSOEC,8073939,15669778
1421,SSSZHZE,7397712,15669817
1422,SSSZHZE,7397712,15669878
1423,SSSZHZE,7397712,15669780
1424,SSSZHZE,7397712,15669857
1425,SSSZHZE,7397712,15668460
1426,SWOCCOL,8141158,15669869
1427,SWOCCOL,8141158,15669878
1428,SWOCCOL,8141158,15669769
1429,SWOCCOL,8141158,15669764
1430,SWOCCOL,8141158,15669861
1431,SWCEHCR,8128430,15669780
1432,SWCEHCR,8128430,15669760
1433,SWCEHCR,8128430,15669880
1434,SWCEHCR,8128430,15668378
1435,SWCEHCR,8128430,15668381
1436,SWHRCNL,8189678,15668688
1437,SWHRCNL,8189678,15668468
1438,SWHRCNL,8189678,7718555
1439,SWHRCNL,8189678,15669824
1440,SWHRCNL,8189678,7625556
1441,SWHLESR,8246331,15669857
1442,SWHLESR,8246331,15668688
1443,SWHLESR,8246331,15668460
1444,SWHLESR,8246331,15669777
1445,SWHLESR,8246331,15668458
1446,SSRLWLN,8132311,15669764
1447,SSRLWLN,8132311,15669769
1448,SSRLWLN,8132311,15669872
1449,SSRLWLN,8132311,15668457
1450,SSRLWLN,8132311,15669762
1451,SWNNNNE,7703517,15669776
1452,SWNNNNE,7703517,15669761
1453,SWNNNNE,7703517,15669817
1454,SWNNNNE,7703517,15669861
1455,SWNNNNE,7703517,7689353
1456,SWLLNRL,7672439,15668381
1457,SWLLNRL,7672439,7569801
1458,SWLLNRL,7672439,15668685
1459,SWLLNRL,7672439,15668459
1460,SWLLNRL,7672439,15668378
1461,SSSZWHO,7533198,15668688
1462,SSSZWHO,7533198,15668469
1463,SSSZWHO,7533198,15668463
1464,SSSZWHO,7533198,15669864
1465,SSSZWHO,7533198,15669863
1466,SSLOLSS,8273082,15668478
1467,SSLOLSS,8273082,15668379
1468,SSLOLSS,8273082,15670260
1469,SSLOLSS,8273082,15668468
1470,SSLOLSS,8273082,15670157
1471,SWRENHO,7703098,15669772
1472,SWRENHO,7703098,15669778
1473,SWRENHO,7703098,15668449
1474,SWRENHO,7703098,15668467
1475,SWRENHO,7703098,15669885
1476,SWLRCRW,7552098,15668467
1477,SWLRCRW,7552098,15668378
1478,SWLRCRW,7552098,15668460
1479,SWLRCRW,7552098,15668459
1480,SWLRCRW,7552098,15668375
1481,SWOZECO,8104047,15669878
1482,SWOZECO,8104047,15669814
1483,SWOZECO,8104047,15669863
1484,SWOZECO,8104047,15669860
1485,SWOZECO,8104047,15669772
1486,SWCECRN,8308098,15668381
1487,SWCECRN,8308098,15668462
1488,SWCECRN,8308098,15668474
1489,SWCECRN,8308098,15668520
1490,SWCECRN,8308098,7569802
1491,SWOECCE,7637074,15668381
1492,SWOECCE,7637074,15668465
1493,SWOECCE,7637074,15668459
1494,SWOECCE,7637074,15668685
1495,SWOECCE,7637074,15668460
1496,SWNRHOZ,8279863,15669778
1497,SWNRHOZ,8279863,15669767
1498,SWNRHOZ,8279863,15669817
1499,SWNRHOZ,8279863,15670267
1500,SWNRHOZ,8279863,15669880
1501,SSWLLSL,8061560,15668688
1502,SSWLLSL,8061560,15668466
1503,SSWLLSL,8061560,7569801
1504,SSWLLSL,8061560,15668379
1505,SSWLLSL,8061560,15668460
1506,SWNLWHR,8176127,15668460
1507,SWNLWHR,8176127,15668458
1508,SWNLWHR,8176127,15669861
1509,SWNLWHR,8176127,7572240
1510,SWNLWHR,8176127,7572242
1511,SWNRSWS,8143429,15669832
1512,SWNRSWS,8143429,15669818
1513,SWNRSWS,8143429,15669886
1514,SWNRSWS,8143429,15669761
1515,SWNRSWS,8143429,15669817
1516,SSSNORC,7431803,15668381
1517,SSSNORC,7431803,15668688
1518,SSSNORC,7431803,15668462
1519,SSSNORC,7431803,15668468
1520,SSSNORC,7431803,15668451
1521,SWOHWWN,7764985,15668465
1522,SWOHWWN,7764985,15669764
1523,SWOHWWN,7764985,15669780
1524,SWOHWWN,7764985,15668478
1525,SWOHWWN,7764985,15668468
1526,SWHRRNR,8061159,15668688
1527,SWHRRNR,8061159,15668381
1528,SWHRRNR,8061159,15668379
1529,SWHRRNR,8061159,15669880
1530,SWHRRNR,8061159,15669856
1531,SWHRZHH,8320908,15668378
1532,SWHRZHH,8320908,15668381
1533,SWHRZHH,8320908,15668462
1534,SWHRZHH,8320908,15668468
1535,SWHRZHH,8320908,15669772
1536,SSCRESN,8087471,15669878
1537,SSCRESN,8087471,15668457
1538,SSCRESN,8087471,15669760
1539,SSCRESN,8087471,34992815
1540,SSCRESN,8087471,7572306
1541,SSSCOCW,8122275,15669772
1542,SSSCOCW,8122275,15669860
1543,SSSCOCW,8122275,15669861
1544,SSSCOCW,8122275,15669778
1545,SSSCOCW,8122275,15669769
1546,SWNZWRC,8383377,15669856
1547,SWNZWRC,8383377,15669878
1548,SWNZWRC,8383377,15669866
1549,SWNZWRC,8383377,15669821
1550,SWNZWRC,8383377,7627860
1551,SWRLSWR,8158818,15669878
1552,SWRLSWR,8158818,15669835
1553,SWRLSWR,8158818,15668688
1554,SWRLSWR,8158818,15669771
1555,SWRLSWR,8158818,15669799
1556,SWRNCSS,7448398,15669777
1557,SWRNCSS,7448398,15669880
1558,SWRNCSS,7448398,15669857
1559,SWRNCSS,7448398,15669887
1560,SWRNCSS,7448398,15668379
1561,SSSELZZ,8108248,7587648
1562,SSSELZZ,8108248,7587675
1563,SSSELZZ,8108248,15670260
1564,SSSELZZ,8108248,7587677
1565,SSSELZZ,8108248,15668460
1566,SSLSLHL,8123487,15668460
1567,SSLSLHL,8123487,15668688
1568,SSLSLHL,8123487,15669864
1569,SSLSLHL,8123487,15669863
1570,SSLSLHL,8123487,15668465
1571,SSZSWHS,8154900,15669780
1572,SSZSWHS,8154900,15669856
1573,SSZSWHS,8154900,15669874
1574,SSZSWHS,8154900,15669772
1575,SSZSWHS,8154900,34987568
1576,SSORZCC,8064972,15669856
1577,SSORZCC,8064972,21408952
1578,SSORZCC,8064972,15669881
1579,SSORZCC,8064972,15669773
1580,SSORZCC,8064972,15669857
1581,SWLSEEZ,7582160,15668381
1582,SWLSEEZ,7582160,15668378
1583,SWLSEEZ,7582160,15668462
1584,SWLSEEZ,7582160,15668457
1585,SWLSEEZ,7582160,7627860
1586,SSRSNWR,7387995,15668466
1587,SSRSNWR,7387995,15668379
1588,SSRSNWR,7387995,15669777
1589,SSRSNWR,7387995,15668460
1590,SSRSNWR,7387995,15669775
1591,SWECOEO,8253846,15669860
1592,SWECOEO,8253846,15669878
1593,SWECOEO,8253846,15670269
1594,SWECOEO,8253846,15669799
1595,SWECOEO,8253846,7704153
1596,SWOEOHC,8061163,15669775
1597,SWOEOHC,8061163,15669870
1598,SWOEOHC,8061163,15669832
1599,SWOEOHC,8061163,15669776
1600,SWOEOHC,8061163,15669760
1601,SWLZLWS,8126177,15669817
1602,SWLZLWS,8126177,15668688
1603,SWLZLWS,8126177,7572432
1604,SWLZLWS,8126177,15669856
1605,SWLZLWS,8126177,15669878
1606,SSZCRCO,8213861,15669870
1607,SSZCRCO,8213861,7637309
1608,SSZCRCO,8213861,15669884
1609,SSZCRCO,8213861,15669780
1610,SSZCRCO,8213861,15669776
1611,SWOLZSC,7552991,15668688
1612,SWOLZSC,7552991,15670251
1613,SWOLZSC,7552991,15668468
1614,SWOLZSC,7552991,15669878
1615,SWOLZSC,7552991,15670260
1616,SWCCLHS,8279743,7572312
1617,SWCCLHS,8279743,15668379
1618,SWCCLHS,8279743,7572307
1619,SWCCLHS,8279743,15668457
1620,SWCCLHS,8279743,15668460
1621,SWNHHOE,8078249,15669767
1622,SWNHHOE,8078249,15669780
1623,SWNHHOE,8078249,15669870
1624,SWNHHOE,8078249,15669775
1625,SWNHHOE,8078249,15669857
1626,SSHHZRO,8083255,15668381
1627,SSHHZRO,8083255,15668469
1628,SSHHZRO,8083255,15668687
1629,SSHHZRO,8083255,15668463
1630,SSHHZRO,8083255,15669869
1631,SSZZLEO,7347668,15669764
1632,SSZZLEO,7347668,15669864
1633,SSZZLEO,7347668,15668379
1634,SSZZLEO,7347668,15668465
1635,SSZZLEO,7347668,15668478
1636,SSWZSSN,8287522,15670245
1637,SSWZSSN,8287522,15668688
1638,SSWZSSN,8287522,15670251
1639,SSWZSSN,8287522,15669878
1640,SSWZSSN,8287522,15669869
1641,SSZWSNR,8172528,15668688
1642,SSZWSNR,8172528,15668462
1643,SSZWSNR,8172528,15669791
1644,SSZWSNR,8172528,7617882
1645,SSZWSNR,8172528,15668457
1646,SWLRWZO,7369894,15670252
1647,SWLRWZO,7369894,15670250
1648,SWLRWZO,7369894,15668476
1649,SWLRWZO,7369894,15670245
1650,SWLRWZO,7369894,15670163
1651,SSHCESW,8065445,15668381
1652,SSHCESW,8065445,15668378
1653,SSHCESW,8065445,15668478
1654,SSHCESW,8065445,15668494
1655,SSHCESW,8065445,15668465
1656,SSZCOCE,8339302,15668478
1657,SSZCOCE,8339302,15668451
1658,SSZCOCE,8339302,15668685
1659,SSZCOCE,8339302,15669880
1660,SSZCOCE,8339302,15669767
1661,SWLNCNW,8112695,15670260
1662,SWLNCNW,8112695,15668470
1663,SWLNCNW,8112695,15668473
1664,SWLNCNW,8112695,15668465
1665,SWLNCNW,8112695,15668381
1666,SSCHNCE,8144965,15669767
1667,SSCHNCE,8144965,15669821
1668,SSCHNCE,8144965,15669823
1669,SSCHNCE,8144965,15669863
1670,SSCHNCE,8144965,15669777
1671,SWNZLOO,7626754,15670251
1672,SWNZLOO,7626754,15668688
1673,SWNZLOO,7626754,15668381
1674,SWNZLOO,7626754,15668468
1675,SWNZLOO,7626754,15670250
1676,SSRZESC,8114869,15668684
1677,SSRZESC,8114869,15669874
1678,SSRZESC,8114869,7572254
1679,SSRZESC,8114869,15668455
1680,SSRZESC,8114869,15669861
1681,SWOZZCZ,7450162,15668688
1682,SWOZZCZ,7450162,15668378
1683,SWOZZCZ,7450162,15668473
1684,SWOZZCZ,7450162,15668467
1685,SWOZZCZ,7450162,15668462
1686,SWNCOOR,8082957,15669833
1687,SWNCOOR,8082957,15669869
1688,SWNCOOR,8082957,15669823
1689,SWNCOOR,8082957,15669781
1690,SWNCOOR,8082957,15669772
1691,SSZZLHW,7439628,7587694
1692,SSZZLHW,7439628,7587691
1693,SSZZLHW,7439628,7587494
1694,SSZZLHW,7439628,7587698
1695,SSZZLHW,7439628,15669858
1696,SSCWORR,8077366,15669778
1697,SSCWORR,8077366,15669861
1698,SSCWORR,8077366,15669885
1699,SSCWORR,8077366,15669823
1700,SSCWORR,8077366,34986125
1701,SWNNZHH,7501860,15668474
1702,SWNNZHH,7501860,15669780
1703,SWNNZHH,7501860,15669764
1704,SWNNZHH,7501860,15668477
1705,SWNNZHH,7501860,15669783
1706,SSRHCRS,8190023,15668688
1707,SSRHCRS,8190023,15668416
1708,SSRHCRS,8190023,15668449
1709,SSRHCRS,8190023,15669817
1710,SSRHCRS,8190023,15669823
1711,SWRHNSN,8199996,15669863
1712,SWRHNSN,8199996,15668457
1713,SWRHNSN,8199996,15669786
1714,SWRHNSN,8199996,34986328
1715,SWRHNSN,8199996,15668381
1716,SWEZEOZ,8276422,15668381
1717,SWEZEOZ,8276422,15669878
1718,SWEZEOZ,8276422,15668478
1719,SWEZEOZ,8276422,15668465
1720,SWEZEOZ,8276422,15668449
1721,SSRRCCE,8247472,34986119
1722,SSRRCCE,8247472,15668379
1723,SSRRCCE,8247472,15668468
1724,SSRRCCE,8247472,15668685
1725,SSRRCCE,8247472,15669780
1726,SWRHRLL,8101152,15668381
1727,SWRHRLL,8101152,15668688
1728,SWRHRLL,8101152,15668465
1729,SWRHRLL,8101152,15668379
1730,SWRHRLL,8101152,15668462
1731,SWRHSEW,7382432,15668460
1732,SWRHSEW,7382432,15668467
1733,SWRHSEW,7382432,15670251
1734,SWRHSEW,7382432,15669817
1735,SWRHSEW,7382432,15669884
1736,SSWECLS,8314193,15669870
1737,SSWECLS,8314193,34987566
1738,SSWECLS,8314193,15669861
1739,SSWECLS,8314193,34986113
1740,SSWECLS,8314193,15669957
1741,SWHRWCO,7631002,15669864
1742,SWHRWCO,7631002,15668468
1743,SWHRWCO,7631002,15669780
1744,SWHRWCO,7631002,15670267
1745,SWHRWCO,7631002,15669988
1746,SSCLWOR,8245100,15668467
1747,SSCLWOR,8245100,15668381
1748,SSCLWOR,8245100,15668685
1749,SSCLWOR,8245100,15668688
1750,SSCLWOR,8245100,15668478
1751,SWOOLNC,7642371,15668478
1752,SWOOLNC,7642371,15668379
1753,SWOOLNC,7642371,15668457
1754,SWOOLNC,7642371,15668468
1755,SWOOLNC,7642371,15668471
1756,SWCEWOZ,8352430,15668688
1757,SWCEWOZ,8352430,15668381
1758,SWCEWOZ,8352430,15668460
1759,SWCEWOZ,8352430,15668468
1760,SWCEWOZ,8352430,15668685
1761,SWHHREO,8176873,7586509
1762,SWHHREO,8176873,7735760
1763,SWHHREO,8176873,7579698
1764,SWHHREO,8176873,7572299
1765,SWHHREO,8176873,7572302
1766,SSSWOZW,7414189,15668478
1767,SSSWOZW,7414189,15669856
1768,SSSWOZW,7414189,15670251
1769,SSSWOZW,7414189,15669773
1770,SSSWOZW,7414189,15669861
1771,SSOHWLN,8146703,15669869
1772,SSOHWLN,8146703,15669817
1773,SSOHWLN,8146703,15669857
1774,SSOHWLN,8146703,15670267
1775,SSOHWLN,8146703,15669832
1776,SWOCELW,8179947,15668381
1777,SWOCELW,8179947,15668460
1778,SWOCELW,8179947,15668473
1779,SWOCELW,8179947,15668378
1780,SWOCELW,8179947,15668458
1781,SSZWOZH,8070166,15669765
1782,SSZWOZH,8070166,15668460
1783,SSZWOZH,8070166,15668467
1784,SSZWOZH,8070166,15669866
1785,SSZWOZH,8070166,15669875
1786,SSNOWZE,8353451,15668467
1787,SSNOWZE,8353451,15669869
1788,SSNOWZE,8353451,15669878
1789,SSNOWZE,8353451,15669860
1790,SSNOWZE,8353451,15669780
1791,SWEWHLO,8138170,15668449
1792,SWEWHLO,8138170,15669872
1793,SWEWHLO,8138170,15669782
1794,SWEWHLO,8138170,15669863
1795,SWEWHLO,8138170,15669860
1796,SSEHLRW,8101071,15668379
1797,SSEHLRW,8101071,7729965
1798,SSEHLRW,8101071,15668377
1799,SSEHLRW,8101071,7586497
1800,SSEHLRW,8101071,15668381
1801,SSWEZCZ,8205178,15669799
1802,SSWEZCZ,8205178,15669780
1803,SSWEZCZ,8205178,15669767
1804,SSWEZCZ,8205178,15669856
1805,SSWEZCZ,8205178,15669863
1806,SSNHNOE,8201626,15670196
1807,SSNHNOE,8201626,15669832
1808,SSNHNOE,8201626,15668460
1809,SSNHNOE,8201626,15670252
1810,SSNHNOE,8201626,15668466
1811,SSWWZNR,8255466,15668595
1812,SSWWZNR,8255466,15668495
1813,SSWWZNR,8255466,15668460
1814,SSWWZNR,8255466,15668453
1815,SSWWZNR,8255466,15668458
1816,SWCLWHL,8109052,15669869
1817,SWCLWHL,8109052,15669799
1818,SWCLWHL,8109052,15669776
1819,SWCLWHL,8109052,15669860
1820,SWCLWHL,8109052,15669871
1821,SWNZHSH,8138408,15669795
1822,SWNZHSH,8138408,15669760
1823,SWNZHSH,8138408,15669965
1824,SWNZHSH,8138408,15669780
1825,SWNZHSH,8138408,15669880
1826,SWCOSLL,7412276,15669880
1827,SWCOSLL,7412276,15669832
1828,SWCOSLL,7412276,15670267
1829,SWCOSLL,7412276,15669872
1830,SWCOSLL,7412276,15669778
1831,SSOSOCH,8067980,15669880
1832,SSOSOCH,8067980,15669772
1833,SSOSOCH,8067980,15670267
1834,SSOSOCH,8067980,15669777
1835,SSOSOCH,8067980,15669767
1836,SSLLLRR,8096786,15669767
1837,SSLLLRR,8096786,15669797
1838,SSLLLRR,8096786,15669869
1839,SSLLLRR,8096786,15668378
1840,SSLLLRR,8096786,15668458
1841,SSSWCLL,8070481,15669760
1842,SSSWCLL,8070481,15669874
1843,SSSWCLL,8070481,15669886
1844,SSSWCLL,8070481,15669773
1845,SSSWCLL,8070481,15669863
1846,SWCEZWH,8331278,15668460
1847,SWCEZWH,8331278,15668416
1848,SWCEZWH,8331278,15669859
1849,SWCEZWH,8331278,15669878
1850,SWCEZWH,8331278,15669780
1851,SSSCNCC,8282484,15669790
1852,SSSCNCC,8282484,7625556
1853,SSSCNCC,8282484,15669874
1854,SSSCNCC,8282484,15669786
1855,SSSCNCC,8282484,15669791
1856,SWNNWZZ,7788465,15668685
1857,SWNNWZZ,7788465,15668688
1858,SWNNWZZ,7788465,15668458
1859,SWNNWZZ,7788465,15668454
1860,SWNNWZZ,7788465,15668459
1861,SWHOZCE,8139913,15669777
1862,SWHOZCE,8139913,15669814
1863,SWHOZCE,8139913,15669880
1864,SWHOZCE,8139913,15669872
1865,SWHOZCE,8139913,15669860
1866,SSNOZHH,8069214,15668460
1867,SSNOZHH,8069214,15669869
1868,SSNOZHH,8069214,15670267
1869,SSNOZHH,8069214,15669863
1870,SSNOZHH,8069214,15668381
1871,SWELRWN,8138811,15668462
1872,SWELRWN,8138811,15668467
1873,SWELRWN,8138811,15668457
1874,SWELRWN,8138811,15669861
1875,SWELRWN,8138811,7569801
1876,SWOHCHL,7721190,15668378
1877,SWOHCHL,7721190,15668462
1878,SWOHCHL,7721190,15668469
1879,SWOHCHL,7721190,15670251
1880,SWOHCHL,7721190,15668473
1881,SSCSENO,8106451,15668416
1882,SSCSENO,8106451,15668460
1883,SSCSENO,8106451,15668463
1884,SSCSENO,8106451,15669961
1885,SSCSENO,8106451,15668380
1886,SWENCHZ,8063588,15668478
1887,SWENCHZ,8063588,15668381
1888,SWENCHZ,8063588,15669832
1889,SWENCHZ,8063588,15669965
1890,SWENCHZ,8063588,15668460
1891,SSCLLWS,8195898,15670251
1892,SSCLLWS,8195898,15670246
1893,SSCLLWS,8195898,15670250
1894,SSCLLWS,8195898,15670252
1895,SSCLLWS,8195898,15668465
1896,SSZLHHE,8343369,15669878
1897,SSZLHHE,8343369,15669767
1898,SSZLHHE,8343369,15669776
1899,SSZLHHE,8343369,15669857
1900,SSZLHHE,8343369,21408952
1901,SWONECO,8130134,15669764
1902,SWONECO,8130134,15669870
1903,SWONECO,8130134,15669771
1904,SWONECO,8130134,15668466
1905,SWONECO,8130134,15669864
1906,SSZHOEE,8204496,7624790
1907,SSZHOEE,8204496,15668457
1908,SSZHOEE,8204496,34992815
1909,SSZHOEE,8204496,34986122
1910,SSZHOEE,8204496,7580971
1911,SSSZCCN,8073815,15668458
1912,SSSZCCN,8073815,15669780
1913,SSSZCCN,8073815,15669760
1914,SSSZCCN,8073815,15669880
1915,SSSZCCN,8073815,15669872
1916,SWNHHRL,8279511,15669832
1917,SWNHHRL,8279511,15669872
1918,SWNHHRL,8279511,15669878
1919,SWNHHRL,8279511,15669760
1920,SWNHHRL,8279511,15669764
1921,SSSNLOO,8286457,7753732
1922,SSSNLOO,8286457,15669861
1923,SSSNLOO,8286457,15669881
1924,SSSNLOO,8286457,7586556
1925,SSSNLOO,8286457,15669803
1926,SWOCEOC,7733315,15668379
1927,SWOCEOC,7733315,15669860
1928,SWOCEOC,7733315,15669778
1929,SWOCEOC,7733315,15668473
1930,SWOCEOC,7733315,15669997
1931,SWESLWC,8192504,15668465
1932,SWESLWC,8192504,15669780
1933,SWESLWC,8192504,15669880
1934,SWESLWC,8192504,15668468
1935,SWESLWC,8192504,15669767
1936,SSNNLRW,8087274,15669863
1937,SSNNLRW,8087274,15669760
1938,SSNNLRW,8087274,15669878
1939,SSNNLRW,8087274,15668460
1940,SSNNLRW,8087274,15669864
1941,SWEEZHL,8354716,15668471
1942,SWEEZHL,8354716,15668468
1943,SWEEZHL,8354716,15668465
1944,SWEEZHL,8354716,15668688
1945,SWEEZHL,8354716,15670252
1946,SWLSZSE,7470681,15669777
1947,SWLSZSE,7470681,15668466
1948,SWLSZSE,7470681,15669780
1949,SWLSZSE,7470681,15669760
1950,SWLSZSE,7470681,15668469
1951,SSLZROW,8226887,15668460
1952,SSLZROW,8226887,15668379
1953,SSLZROW,8226887,15668688
1954,SSLZROW,8226887,15668468
1955,SSLZROW,8226887,15668457
1956,SSNOSCZ,8106715,15668467
1957,SSNOSCZ,8106715,15668688
1958,SSNOSCZ,8106715,15669763
1959,SSNOSCZ,8106715,15668378
1960,SSNOSCZ,8106715,15669957
1961,SWNCLZZ,8265546,15668688
1962,SWNCLZZ,8265546,15669857
1963,SWNCLZZ,8265546,15669817
1964,SWNCLZZ,8265546,15669778
1965,SWNCLZZ,8265546,15669772
1966,SWEEZCC,7531263,15668458
1967,SWEEZCC,7531263,15668379
1968,SWEEZCC,7531263,15668467
1969,SWEEZCC,7531263,15668451
1970,SWEEZCC,7531263,15668684
1971,SWHEEOS,8153361,15668460
1972,SWHEEOS,8153361,15669864
1973,SWHEEOS,8153361,15668378
1974,SWHEEOS,8153361,15669763
1975,SWHEEOS,8153361,15669988
1976,SSZLNCH,8243363,15669763
1977,SSZLNCH,8243363,15668460
1978,SSZLNCH,8243363,15669762
1979,SSZLNCH,8243363,15668381
1980,SSZLNCH,8243363,15668467
1981,SWCCZRH,8230241,15668460
1982,SWCCZRH,8230241,15668688
1983,SWCCZRH,8230241,15668378
1984,SWCCZRH,8230241,15668468
1985,SWCCZRH,8230241,15668474
1986,SWORWZH,7497186,15670252
1987,SWORWZH,7497186,15669864
1988,SWORWZH,7497186,15668379
1989,SWORWZH,7497186,15668468
1990,SWORWZH,7497186,15669824
1991,SSSZEOW,8143536,15669887
1992,SSSZEOW,8143536,15669884
1993,SSSZEOW,8143536,15669863
1994,SSSZEOW,8143536,15669764
1995,SSSZEOW,8143536,15668465
1996,SSLRHNL,8166326,15668458
1997,SSLRHNL,8166326,15668381
1998,SSLRHNL,8166326,15668688
1999,SSLRHNL,8166326,15668460
2000,SSLRHNL,8166326,15668451
2001,SWLOZWE,8082912,7585573
2002,SWLOZWE,8082912,15669778
2003,SWLOZWE,8082912,15669780
2004,SWLOZWE,8082912,15669856
2005,SWLOZWE,8082912,15669869
2006,SSWNLNH,8191090,15668381
2007,SSWNLNH,8191090,15668688
2008,SSWNLNH,8191090,15668465
2009,SSWNLNH,8191090,15668473
2010,SSWNLNH,8191090,15668458
2011,SWNRHHO,7745973,7590864
2012,SWNRHHO,7745973,15668379
2013,SWNRHHO,7745973,7590867
2014,SWNRHHO,7745973,15668688
2015,SWNRHHO,7745973,15670157
2016,SWEOHHL,7416338,15668379
2017,SWEOHHL,7416338,15669884
2018,SWEOHHL,7416338,15669961
2019,SWEOHHL,7416338,15668542
2020,SWEOHHL,7416338,34986122
2021,SWNNRHC,7765977,15668381
2022,SWNNRHC,7765977,15668689
2023,SWNNRHC,7765977,15669878
2024,SWNNRHC,7765977,15669863
2025,SWNNRHC,7765977,15668378
2026,SWRHZSH,8262498,15669760
2027,SWRHZSH,8262498,15668460
2028,SWRHZSH,8262498,15668381
2029,SWRHZSH,8262498,34986125
2030,SWRHZSH,8262498,15669821
2031,SWLHHWS,7694372,15670250
2032,SWLHHWS,7694372,15670251
2033,SWLHHWS,7694372,15670241
2034,SWLHHWS,7694372,15668469
2035,SWLHHWS,7694372,15670196
2036,SWORZLW,8206519,15668379
2037,SWORZLW,8206519,15668465
2038,SWORZLW,8206519,15669764
2039,SWORZLW,8206519,15669878
2040,SWORZLW,8206519,15668467
2041,SWOOZRS,7788834,15668379
2042,SWOOZRS,7788834,15668459
2043,SWOOZRS,7788834,15668478
2044,SWOOZRS,7788834,15668687
2045,SWOOZRS,7788834,15668467
2046,SWCRWEH,8074820,15668378
2047,SWCRWEH,8074820,15668467
2048,SWCRWEH,8074820,15668453
2049,SWCRWEH,8074820,15668377
2050,SWCRWEH,8074820,7572242
2051,SSWOWLE,8246335,15669799
2052,SSWOWLE,8246335,15669976
2053,SSWOWLE,8246335,15669826
2054,SSWOWLE,8246335,15669789
2055,SSWOWLE,8246335,15669856
2056,SWOLONZ,7457237,15668381
2057,SWOLONZ,7457237,15668471
2058,SWOLONZ,7457237,15668460
2059,SWOLONZ,7457237,15668685
2060,SWOLONZ,7457237,15668473
2061,SWNRCHO,8296564,15669772
2062,SWNRCHO,8296564,15669880
2063,SWNRCHO,8296564,7718555
2064,SWNRCHO,8296564,15669760
2065,SWNRCHO,8296564,15669869
2066,SSNZCOL,8237822,15668469
2067,SSNZCOL,8237822,15668377
2068,SSNZCOL,8237822,15669864
2069,SSNZCOL,8237822,15670267
2070,SSNZCOL,8237822,15669861
2071,SWLSLCC,7403298,15669878
2072,SWLSLCC,7403298,15669866
2073,SWLSLCC,7403298,15669772
2074,SWLSLCC,7403298,15669864
2075,SWLSLCC,7403298,15669856
2076,SWNLHOO,8215172,15669767
2077,SWNLHOO,8215172,15669857
2078,SWNLHOO,8215172,15668378
2079,SWNLHOO,8215172,15669878
2080,SWNLHOO,8215172,15669856
2081,SSWLWNZ,7460826,15669772
2082,SSWLWNZ,7460826,15669780
2083,SSWLWNZ,7460826,15669866
2084,SSWLWNZ,7460826,15669825
2085,SSWLWNZ,7460826,15669875
2086,SWOCOEN,7583327,15668467
2087,SWOCOEN,7583327,15668688
2088,SWOCOEN,7583327,15668451
2089,SWOCOEN,7583327,15668459
2090,SWOCOEN,7583327,15668520
2091,SSCEHNS,8069966,7580823
2092,SSCEHNS,8069966,15669772
2093,SSCEHNS,8069966,15668416
2094,SSCEHNS,8069966,15668375
2095,SSCEHNS,8069966,15669861
2096,SSZNWLH,8120702,15669781
2097,SSZNWLH,8120702,34986125
2098,SSZNWLH,8120702,15668416
2099,SSZNWLH,8120702,15669858
2100,SSZNWLH,8120702,34986123
2101,SWOLOWW,7459927,15668467
2102,SWOLOWW,7459927,15668468
2103,SWOLOWW,7459927,15669764
2104,SWOLOWW,7459927,15668459
2105,SWOLOWW,7459927,15668383
2106,SWOZZZE,7727449,15670255
2107,SWOZZZE,7727449,15668688
2108,SWOZZZE,7727449,15668462
2109,SWOZZZE,7727449,15668459
2110,SWOZZZE,7727449,15668460
2111,SWLOLLS,8285456,7573376
2112,SWLOLLS,8285456,15669832
2113,SWLOLLS,8285456,7569802
2114,SWLOLLS,8285456,15669821
2115,SWLOLLS,8285456,15669760
2116,SSWWENC,7517068,15668465
2117,SSWWENC,7517068,15668455
2118,SSWWENC,7517068,15669863
2119,SSWWENC,7517068,15668684
2120,SSWWENC,7517068,15668480
2121,SWLLRNC,8063911,15668687
2122,SWLLRNC,8063911,15668466
2123,SWLLRNC,8063911,15668448
2124,SWLLRNC,8063911,15668460
2125,SWLLRNC,8063911,15669832
2126,SSZLLON,8118745,15669769
2127,SSZLLON,8118745,15669869
2128,SSZLLON,8118745,15669763
2129,SSZLLON,8118745,15669817
2130,SSZLLON,8118745,29247044
2131,SWCWSZR,7635812,15668416
2132,SWCWSZR,7635812,15670250
2133,SWCWSZR,7635812,15670169
2134,SWCWSZR,7635812,15669803
2135,SWCWSZR,7635812,93141023
2136,SWLLHHC,8136539,15668379
2137,SWLLHHC,8136539,15669856
2138,SWLLHHC,8136539,15669764
2139,SWLLHHC,8136539,15669861
2140,SWLLHHC,8136539,15669777
2141,SWRHWEH,8250969,15668379
2142,SWRHWEH,8250969,15669832
2143,SWRHWEH,8250969,15669878
2144,SWRHWEH,8250969,15668478
2145,SWRHWEH,8250969,15669763
2146,SSNWCSH,8192768,15668379
2147,SSNWCSH,8192768,15668381
2148,SSNWCSH,8192768,15669760
2149,SSNWCSH,8192768,15670269
2150,SSNWCSH,8192768,15668469
2151,SWLRNLH,7558409,15668381
2152,SWLRNLH,7558409,15668467
2153,SWLRNLH,7558409,15668462
2154,SWLRNLH,7558409,15668468
2155,SWLRNLH,7558409,15669878
2156,SWLWNZW,7768104,15669860
2157,SWLWNZW,7768104,15669762
2158,SWLWNZW,7768104,15669769
2159,SWLWNZW,7768104,15669863
2160,SWLWNZW,7768104,7569802
2161,SWLRERH,7714867,15669825
2162,SWLRERH,7714867,15669863
2163,SWLRERH,7714867,15669760
2164,SWLRERH,7714867,15669761
2165,SWLRERH,7714867,15669860
2166,SWLLZEO,7850334,15668381
2167,SWLLZEO,7850334,15668459
2168,SWLLZEO,7850334,15668376
2169,SWLLZEO,7850334,15668688
2170,SWLLZEO,7850334,15668460
2171,SSZEWNH,8236542,15669869
2172,SSZEWNH,8236542,15670251
2173,SSZEWNH,8236542,34986125
2174,SSZEWNH,8236542,15669821
2175,SSZEWNH,8236542,15669884
2176,SWCLLSO,8088678,15669869
2177,SWCLLSO,8088678,15669857
2178,SWCLLSO,8088678,34992815
2179,SWCLLSO,8088678,15669965
2180,SWCLLSO,8088678,15670269
2181,SWRCNLO,8271902,15668688
2182,SWRCNLO,8271902,15668460
2183,SWRCNLO,8271902,15668379
2184,SWRCNLO,8271902,15669760
2185,SWRCNLO,8271902,15669878
2186,SSWZEOR,7417942,15669856
2187,SSWZEOR,7417942,15668379
2188,SSWZEOR,7417942,15668478
2189,SSWZEOR,7417942,15668451
2190,SSWZEOR,7417942,15668688
2191,SSCLCSW,8070710,15668468
2192,SSCLCSW,8070710,15669878
2193,SSCLCSW,8070710,15668451
2194,SSCLCSW,8070710,15669764
2195,SSCLCSW,8070710,15669778
2196,SWOZELS,8304435,15668460
2197,SWOZELS,8304435,15668381
2198,SWOZELS,8304435,15668467
2199,SWOZELS,8304435,15668473
2200,SWOZELS,8304435,15669860
2201,SWECRER,8127819,15669874
2202,SWECRER,8127819,7624786
2203,SWECRER,8127819,34987566
2204,SWECRER,8127819,15669832
2205,SWECRER,8127819,7640186
2206,SWEEOEO,7700376,15669764
2207,SWEEOEO,7700376,15669863
2208,SWEEOEO,7700376,15669832
2209,SWEEOEO,7700376,15669886
2210,SWEEOEO,7700376,7628086
2211,SWLNRSC,7403661,15669789
2212,SWLNRSC,7403661,15669773
2213,SWLNRSC,7403661,15670157
2214,SWLNRSC,7403661,15670251
2215,SWLNRSC,7403661,15669859
2216,SWCRZCH,7473154,15668379
2217,SWCRZCH,7473154,15669864
2218,SWCRZCH,7473154,15668469
2219,SWCRZCH,7473154,15669817
2220,SWCRZCH,7473154,15669878
2221,SWOSSZE,7443402,15668458
2222,SWOSSZE,7443402,15668416
2223,SWOSSZE,7443402,15668449
2224,SWOSSZE,7443402,7572301
2225,SWOSSZE,7443402,15669773
2226,SSZNRER,8067510,15669887
2227,SSZNRER,8067510,15669880
2228,SSZNRER,8067510,15669817
2229,SSZNRER,8067510,15669863
2230,SSZNRER,8067510,7574242
2231,SSCSLSN,8116158,15669863
2232,SSCSLSN,8116158,15669818
2233,SSCSLSN,8116158,7580802
2234,SSCSLSN,8116158,15669821
2235,SSCSLSN,8116158,15669857
2236,SSWSLLZ,7369866,15668460
2237,SSWSLLZ,7369866,15669769
2238,SSWSLLZ,7369866,15668469
2239,SSWSLLZ,7369866,15669988
2240,SSWSLLZ,7369866,15669965
2241,SSRRHLE,8100379,15669780
2242,SSRRHLE,8100379,15668381
2243,SSRRHLE,8100379,15670260
2244,SSRRHLE,8100379,34986113
2245,SSRRHLE,8100379,15669881
2246,SSZNOHH,8227029,15669869
2247,SSZNOHH,8227029,34986328
2248,SSZNOHH,8227029,15669767
2249,SSZNOHH,8227029,15669832
2250,SSZNOHH,8227029,15669880
2251,SSSLOHO,8141867,15669780
2252,SSSLOHO,8141867,15669764
2253,SSSLOHO,8141867,15668379
2254,SSSLOHO,8141867,15669763
2255,SSSLOHO,8141867,15669769
2256,SSENHNN,8097385,15668381
2257,SSENHNN,8097385,15668460
2258,SSENHNN,8097385,15668478
2259,SSENHNN,8097385,15668379
2260,SSENHNN,8097385,15668685
2261,SSZEESN,7389900,15668462
2262,SSZEESN,7389900,15669878
2263,SSZEESN,7389900,15669861
2264,SSZEESN,7389900,15668377
2265,SSZEESN,7389900,15669765
2266,SSSSONE,8348918,15669817
2267,SSSSONE,8348918,15669764
2268,SSSSONE,8348918,15669821
2269,SSSSONE,8348918,15669767
2270,SSSSONE,8348918,15669771
2271,SSZHOER,8385399,15669764
2272,SSZHOER,8385399,15669821
2273,SSZHOER,8385399,15669832
2274,SSZHOER,8385399,15669976
2275,SSZHOER,8385399,15668468
2276,SSRRZSO,8137302,15669880
2277,SSRRZSO,8137302,15668379
2278,SSRRZSO,8137302,15669772
2279,SSRRZSO,8137302,15669856
2280,SSRRZSO,8137302,15669760
2281,SWLNLSH,7779672,15669878
2282,SWLNLSH,7779672,15669760
2283,SWLNLSH,7779672,15669780
2284,SWLNLSH,7779672,15668460
2285,SWLNLSH,7779672,15669764
2286,SWLONHO,7637305,15668460
2287,SWLONHO,7637305,15669760
2288,SWLONHO,7637305,15668378
2289,SWLONHO,7637305,15668457
2290,SWLONHO,7637305,7571385
2291,SWOCZER,8084306,15669824
2292,SWOCZER,8084306,15670260
2293,SWOCZER,8084306,93141023
2294,SWOCZER,8084306,15670157
2295,SWOCZER,8084306,15668467
2296,SWHZZEO,8108636,15668381
2297,SWHZZEO,8108636,15668478
2298,SWHZZEO,8108636,15668380
2299,SWHZZEO,8108636,15668451
2300,SWHZZEO,8108636,15668688
2301,SSZLWOS,8284427,15669887
2302,SSZLWOS,8284427,15669769
2303,SSZLWOS,8284427,21409004
2304,SSZLWOS,8284427,15669885
2305,SSZLWOS,8284427,15669819
2306,SSCRHLH,8173709,15668519
2307,SSCRHLH,8173709,15669777
2308,SSCRHLH,8173709,15669880
2309,SSCRHLH,8173709,15669869
2310,SSCRHLH,8173709,15669818
2311,SSCNHZN,8165327,15668471
2312,SSCNHZN,8165327,15668520
2313,SSCNHZN,8165327,7593949
2314,SSCNHZN,8165327,93141092
2315,SSCNHZN,8165327,34986400
2316,SWHCZNL,8105118,15668478
2317,SWHCZNL,8105118,7735707
2318,SWHCZNL,8105118,15669817
2319,SWHCZNL,8105118,15669856
2320,SWHCZNL,8105118,15670260
2321,SWNSCOW,8083700,15669777
2322,SWNSCOW,8083700,15669776
2323,SWNSCOW,8083700,15669882
2324,SWNSCOW,8083700,15669781
2325,SWNSCOW,8083700,15669832
2326,SWNNNER,7551396,15669780
2327,SWNNNER,7551396,15668381
2328,SWNNNER,7551396,15668478
2329,SWNNNER,7551396,7580802
2330,SWNNNER,7551396,15668378
2331,SWNSONN,7656814,15668688
2332,SWNSONN,7656814,15668467
2333,SWNSONN,7656814,15668462
2334,SWNSONN,7656814,15668460
2335,SWNSONN,7656814,15668378
2336,SWCOWRR,8195996,15668467
2337,SWCOWRR,8195996,7569801
2338,SWCOWRR,8195996,15669778
2339,SWCOWRR,8195996,15669859
2340,SWCOWRR,8195996,15668378
2341,SSSESRC,7462903,15668478
2342,SSSESRC,7462903,15669856
2343,SSSESRC,7462903,15669878
2344,SSSESRC,7462903,15668378
2345,SSSESRC,7462903,15669864
2346,SWLEZRR,7765027,15670260
2347,SWLEZRR,7765027,7579697
2348,SWLEZRR,7765027,7617882
2349,SWLEZRR,7765027,15669789
2350,SWLEZRR,7765027,7689346
2351,SWLWNWH,7618134,15668462
2352,SWLWNWH,7618134,15668689
2353,SWLWNWH,7618134,15668459
2354,SWLWNWH,7618134,15668378
2355,SWLWNWH,7618134,15668520
2356,SWLOELR,7862826,15669780
2357,SWLOELR,7862826,15669878
2358,SWLOELR,7862826,15669764
2359,SWLOELR,7862826,15669777
2360,SWLOELR,7862826,15669817
2361,SWOSLLW,7798184,15669878
2362,SWOSLLW,7798184,15669860
2363,SWOSLLW,7798184,15668478
2364,SWOSLLW,7798184,15669780
2365,SWOSLLW,7798184,15668468
2366,SWHOORR,8065502,15669869
2367,SWHOORR,8065502,15669762
2368,SWHOORR,8065502,15669864
2369,SWHOORR,8065502,15669760
2370,SWHOORR,8065502,15670269
2371,SSWHNCO,8289460,15669777
2372,SSWHNCO,8289460,15669869
2373,SSWHNCO,8289460,15669872
2374,SSWHNCO,8289460,15669760
2375,SSWHNCO,8289460,15668688
2376,SSONRWS,8152370,15668468
2377,SSONRWS,8152370,15668478
2378,SSONRWS,8152370,15669760
2379,SSONRWS,8152370,15668460
2380,SSONRWS,8152370,15669780
2381,SWONCSR,8156983,7572304
2382,SWONCSR,8156983,15669881
2383,SWONCSR,8156983,7587664
2384,SWONCSR,8156983,15668457
2385,SWONCSR,8156983,15669769
2386,SWOEOCZ,8355842,15669780
2387,SWOEOCZ,8355842,15669778
2388,SWOEOCZ,8355842,15669860
2389,SWOEOCZ,8355842,15669760
2390,SWOEOCZ,8355842,15669878
2391,SSSZOON,7441794,15668465
2392,SSSZOON,7441794,15668457
2393,SSSZOON,7441794,15669817
2394,SSSZOON,7441794,15669772
2395,SSSZOON,7441794,15670163
2396,SWHCZWL,7368676,15669760
2397,SWHCZWL,7368676,15669780
2398,SWHCZWL,7368676,15669860
2399,SWHCZWL,7368676,15669764
2400,SWHCZWL,7368676,15669776
2401,SSRCHSH,8163444,15668460
2402,SSRCHSH,8163444,15668379
2403,SSRCHSH,8163444,15668467
2404,SSRCHSH,8163444,15668458
2405,SSRCHSH,8163444,15669777
2406,SSLLRLL,8345860,21409004
2407,SSLLRLL,8345860,15668381
2408,SSLLRLL,8345860,15668457
2409,SSLLRLL,8345860,7569802
2410,SSLLRLL,8345860,7572302
2411,SWLWCHH,8191841,7573376
2412,SWLWCHH,8191841,15669863
2413,SWLWCHH,8191841,15669824
2414,SWLWCHH,8191841,15669760
2415,SWLWCHH,8191841,15669764
2416,SWRCEHH,8226188,15669777
2417,SWRCEHH,8226188,15668469
2418,SWRCEHH,8226188,15668380
2419,SWRCEHH,8226188,15668416
2420,SWRCEHH,8226188,15668458
2421,SWCECSR,8179797,15668463
2422,SWCECSR,8179797,15668688
2423,SWCECSR,8179797,15668473
2424,SWCECSR,8179797,15668378
2425,SWCECSR,8179797,15668462
2426,SWNEHSL,8079264,15669864
2427,SWNEHSL,8079264,15669965
2428,SWNEHSL,8079264,15669780
2429,SWNEHSL,8079264,15669764
2430,SWNEHSL,8079264,15669860
2431,SWNEZSE,7791568,15668689
2432,SWNEZSE,7791568,15669764
2433,SWNEZSE,7791568,15668465
2434,SWNEZSE,7791568,15668452
2435,SWNEZSE,7791568,15668457
2436,SWRCWSC,7617765,15668457
2437,SWRCWSC,7617765,15668468
2438,SWRCWSC,7617765,15669965
2439,SWRCWSC,7617765,15668416
2440,SWRCWSC,7617765,15668451
2441,SWLOOSN,7764234,15669870
2442,SWLOOSN,7764234,15669872
2443,SWLOOSN,7764234,15668416
2444,SWLOOSN,7764234,15669772
2445,SWLOOSN,7764234,15668474
2446,SWELNZO,7602429,15668465
2447,SWELNZO,7602429,15668457
2448,SWELNZO,7602429,15669878
2449,SWELNZO,7602429,15668474
2450,SWELNZO,7602429,15668480
2451,SSSRWWN,8288966,15668379
2452,SSSRWWN,8288966,15668468
2453,SSSRWWN,8288966,15669856
2454,SSSRWWN,8288966,15669860
2455,SSSRWWN,8288966,15669778
2456,SSWCEEO,8245697,15668688
2457,SSWCEEO,8245697,15668462
2458,SSWCEEO,8245697,15669872
2459,SSWCEEO,8245697,15669764
2460,SSWCEEO,8245697,15669817
2461,SWOREWH,8148898,15668378
2462,SWOREWH,8148898,15668460
2463,SWOREWH,8148898,15668458
2464,SWOREWH,8148898,15668449
2465,SWOREWH,8148898,7572254
2466,SWCLOCL,7675127,15670250
2467,SWCLOCL,7675127,15670254
2468,SWCLOCL,7675127,15668468
2469,SWCLOCL,7675127,15670182
2470,SWCLOCL,7675127,15668471
2471,SWECCLC,8273464,15669835
2472,SWECCLC,8273464,15669878
2473,SWECCLC,8273464,15669799
2474,SWECCLC,8273464,15669861
2475,SWECCLC,8273464,15669770
2476,SWCWSRR,8275185,7587651
2477,SWCWSRR,8275185,15669872
2478,SWCWSRR,8275185,15669880
2479,SWCWSRR,8275185,15668378
2480,SWCWSRR,8275185,7587495
2481,SSNOOZL,8269205,29247044
2482,SSNOOZL,8269205,15668521
2483,SSNOOZL,8269205,7578341
2484,SSNOOZL,8269205,15668460
2485,SSNOOZL,8269205,15669887
2486,SSWOSRE,8089518,15669780
2487,SSWOSRE,8089518,15669864
2488,SSWOSRE,8089518,15669763
2489,SSWOSRE,8089518,15669860
2490,SSWOSRE,8089518,15669764
2491,SWLERHS,7603462,15668468
2492,SWLERHS,7603462,15669869
2493,SWLERHS,7603462,15669778
2494,SWLERHS,7603462,15669780
2495,SWLERHS,7603462,15669881
2496,SSOELRH,8209866,15669777
2497,SSOELRH,8209866,15669821
2498,SSOELRH,8209866,15668465
2499,SSOELRH,8209866,15669789
2500,SSOELRH,8209866,15668470
2501,SSWHOZZ,8288927,15668381
2502,SSWHOZZ,8288927,15668468
2503,SSWHOZZ,8288927,15669773
2504,SSWHOZZ,8288927,15669760
2505,SSWHOZZ,8288927,15669884
2506,SWHLRZO,8218184,15669764
2507,SWHLRZO,8218184,15668688
2508,SWHLRZO,8218184,15668381
2509,SWHLRZO,8218184,15669780
2510,SWHLRZO,8218184,15669860
2511,SSSOOZC,8106887,15668381
2512,SSSOOZC,8106887,15668465
2513,SSSOOZC,8106887,15668460
2514,SSSOOZC,8106887,15668451
2515,SSSOOZC,8106887,15668688
2516,SSNCRLW,8353991,15668460
2517,SSNCRLW,8353991,15668378
2518,SSNCRLW,8353991,15668457
2519,SSNCRLW,8353991,15669832
2520,SSNCRLW,8353991,15669763
2521,SSLEZWR,8085270,15668478
2522,SSLEZWR,8085270,15669886
2523,SSLEZWR,8085270,15669814
2524,SSLEZWR,8085270,15669789
2525,SSLEZWR,8085270,15668378
2526,SWEOOOO,8284234,15668688
2527,SWEOOOO,8284234,15669878
2528,SWEOOOO,8284234,15668460
2529,SWEOOOO,8284234,15669760
2530,SWEOOOO,8284234,15669869
2531,SWOWSZW,8074454,15668469
2532,SWOWSZW,8074454,15668379
2533,SWOWSZW,8074454,15669772
2534,SWOWSZW,8074454,15668378
2535,SWOWSZW,8074454,15669860
2536,SSOHZHS,8069625,15669777
2537,SSOHZHS,8069625,15669780
2538,SSOHZHS,8069625,15669872
2539,SSOHZHS,8069625,15669764
2540,SSOHZHS,8069625,15669790
2541,SSWCZOC,8210933,15669864
2542,SSWCZOC,8210933,15668688
2543,SSWCZOC,8210933,15668381
2544,SSWCZOC,8210933,15669869
2545,SSWCZOC,8210933,15668457
2546,SWEHLLO,8212584,15669799
2547,SWEHLLO,8212584,15669878
2548,SWEHLLO,8212584,7569802
2549,SWEHLLO,8212584,15670269
2550,SWEHLLO,8212584,15669887
2551,SWHRSRR,7384012,15670267
2552,SWHRSRR,7384012,7580802
2553,SWHRSRR,7384012,15670269
2554,SWHRSRR,7384012,15668458
2555,SWHRSRR,7384012,15669866
2556,SSSCCOE,8198030,15669856
2557,SSSCCOE,8198030,15669760
2558,SSSCCOE,8198030,15669863
2559,SSSCCOE,8198030,15668379
2560,SSSCCOE,8198030,15668460
2561,SWERCNR,7498596,7735707
2562,SWERCNR,7498596,15670269
2563,SWERCNR,7498596,15669772
2564,SWERCNR,7498596,15669821
2565,SWERCNR,7498596,15669872
2566,SSRWWCE,8216673,15669780
2567,SSRWWCE,8216673,15668684
2568,SSRWWCE,8216673,15669777
2569,SSRWWCE,8216673,15668379
2570,SSRWWCE,8216673,15669764
2571,SSNNWWW,8335367,15668460
2572,SSNNWWW,8335367,15668478
2573,SSNNWWW,8335367,15669866
2574,SSNNWWW,8335367,15668378
2575,SSNNWWW,8335367,15668688
2576,SSZZWOR,8084238,15668688
2577,SSZZWOR,8084238,15668460
2578,SSZZWOR,8084238,15668378
2579,SSZZWOR,8084238,15668465
2580,SSZZWOR,8084238,15670157
2581,SWOSCLN,8134370,15669778
2582,SWOSCLN,8134370,15668460
2583,SWOSCLN,8134370,15669772
2584,SWOSCLN,8134370,15669861
2585,SWOSCLN,8134370,15669763
2586,SWNCZWO,7764318,15668378
2587,SWNCZWO,7764318,15668457
2588,SWNCZWO,7764318,15669864
2589,SWNCZWO,7764318,15668453
2590,SWNCZWO,7764318,15669869
2591,SSSHLHL,7486730,15668467
2592,SSSHLHL,7486730,15668381
2593,SSSHLHL,7486730,15668379
2594,SSSHLHL,7486730,15669780
2595,SSSHLHL,7486730,15668416
2596,SWOEWRH,7496586,15668688
2597,SWOEWRH,7496586,15668381
2598,SWOEWRH,7496586,15668474
2599,SWOEWRH,7496586,15668451
2600,SWOEWRH,7496586,15668467
2601,SSZHLRN,8065395,15669856
2602,SSZHLRN,8065395,15668468
2603,SSZHLRN,8065395,15669881
2604,SSZHLRN,8065395,15668375
2605,SSZHLRN,8065395,15668381
2606,SWNECLZ,7830364,15668467
2607,SWNECLZ,7830364,15669861
2608,SWNECLZ,7830364,15668468
2609,SWNECLZ,7830364,15668688
2610,SWNECLZ,7830364,15668478
2611,SWRNCEH,7708176,15669863
2612,SWRNCEH,7708176,15668458
2613,SWRNCEH,7708176,15669887
2614,SWRNCEH,7708176,15668383
2615,SWRNCEH,7708176,15668519
2616,SWCRRLL,7481636,15670251
2617,SWCRRLL,7481636,15668519
2618,SWCRRLL,7481636,15668449
2619,SWCRRLL,7481636,15670250
2620,SWCRRLL,7481636,15668476
2621,SSNEHZR,8096305,15669884
2622,SSNEHZR,8096305,15669869
2623,SSNEHZR,8096305,34986129
2624,SSNEHZR,8096305,15669760
2625,SSNEHZR,8096305,15669880
2626,SSWERSN,8101807,15669869
2627,SSWERSN,8101807,15669817
2628,SSWERSN,8101807,15669863
2629,SSWERSN,8101807,15669864
2630,SSWERSN,8101807,15669856
2631,SSZCWCC,8080311,15670009
2632,SSZCWCC,8080311,15669821
2633,SSZCWCC,8080311,15669863
2634,SSZCWCC,8080311,15669860
2635,SSZCWCC,8080311,15669772
2636,SWNHNRN,7817216,15668478
2637,SWNHNRN,7817216,15668462
2638,SWNHNRN,7817216,15668379
2639,SWNHNRN,7817216,15668467
2640,SWNHNRN,7817216,15668459
2641,SSWWNCH,8136393,15669775
2642,SSWWNCH,8136393,15669777
2643,SSWWNCH,8136393,15669863
2644,SSWWNCH,8136393,15669780
2645,SSWWNCH,8136393,15670267
2646,SWCWNCO,8268096,15669804
2647,SWCWNCO,8268096,15669760
2648,SWCWNCO,8268096,15669780
2649,SWCWNCO,8268096,7580802
2650,SWCWNCO,8268096,15669878
2651,SSSZWOR,8123840,15668688
2652,SSSZWOR,8123840,7735760
2653,SSSZWOR,8123840,15668463
2654,SSSZWOR,8123840,15669861
2655,SSSZWOR,8123840,15668460
2656,SWORCOW,8256932,15669822
2657,SWORCOW,8256932,15669790
2658,SWORCOW,8256932,15669767
2659,SWORCOW,8256932,15668379
2660,SWORCOW,8256932,15669860
2661,SSRENRS,8341901,15668381
2662,SSRENRS,8341901,15668688
2663,SSRENRS,8341901,15669864
2664,SSRENRS,8341901,15668378
2665,SSRENRS,8341901,15669872
2666,SSNOEEZ,8280275,15670267
2667,SSNOEEZ,8280275,15669799
2668,SSNOEEZ,8280275,15668381
2669,SSNOEEZ,8280275,15669774
2670,SSNOEEZ,8280275,15668478
2671,SSZNWWS,8258691,15669764
2672,SSZNWWS,8258691,15669863
2673,SSZNWWS,8258691,15668460
2674,SSZNWWS,8258691,15669861
2675,SSZNWWS,8258691,15668379
2676,SWCCOLE,7527581,15668458
2677,SWCCOLE,7527581,15668416
2678,SWCCOLE,7527581,15668463
2679,SWCCOLE,7527581,15669764
2680,SWCCOLE,7527581,15669887
2681,SWLHSRS,7853559,15668381
2682,SWLHSRS,7853559,15668462
2683,SWLHSRS,7853559,15668465
2684,SWLHSRS,7853559,15669817
2685,SWLHSRS,7853559,15668478
2686,SSOEHNL,8288803,15668381
2687,SSOEHNL,8288803,15668462
2688,SSOEHNL,8288803,15668379
2689,SSOEHNL,8288803,15668478
2690,SSOEHNL,8288803,15669869
2691,SSNZEHL,8192783,15668379
2692,SSNZEHL,8192783,15668688
2693,SSNZEHL,8192783,15668451
2694,SSNZEHL,8192783,15668457
2695,SSNZEHL,8192783,7689353
2696,SWLRHOW,8159930,15669869
2697,SWLRHOW,8159930,15669878
2698,SWLRHOW,8159930,15669760
2699,SWLRHOW,8159930,15669764
2700,SWLRHOW,8159930,15669857
2701,SWLEOEC,7397516,15669780
2702,SWLEOEC,7397516,15669860
2703,SWLEOEC,7397516,15669760
2704,SWLEOEC,7397516,15669832
2705,SWLEOEC,7397516,15669878
2706,SSRZHCC,8204185,15669775
2707,SSRZHCC,8204185,15669760
2708,SSRZHCC,8204185,15669857
2709,SSRZHCC,8204185,15669863
2710,SSRZHCC,8204185,15669817
2711,SWORLSW,7660824,15668453
2712,SWORLSW,7660824,15669863
2713,SWORLSW,7660824,15669760
2714,SWORLSW,7660824,15668519
2715,SWORLSW,7660824,15669817
2716,SSLLWWZ,8201012,15668688
2717,SSLLWWZ,8201012,15668466
2718,SSLLWWZ,8201012,15668465
2719,SSLLWWZ,8201012,15668467
2720,SSLLWWZ,8201012,34987566
2721,SWOZSEO,7382539,15669878
2722,SWOZSEO,7382539,15669778
2723,SWOZSEO,7382539,15669772
2724,SWOZSEO,7382539,15668460
2725,SWOZSEO,7382539,15669764
2726,SWLOREE,8321717,15669878
2727,SWLOREE,8321717,15669861
2728,SWLOREE,8321717,15669885
2729,SWLOREE,8321717,15669988
2730,SWLOREE,8321717,7569801
2731,SWLNLLZ,7551502,15668468
2732,SWLNLLZ,7551502,15668460
2733,SWLNLLZ,7551502,15668416
2734,SWLNLLZ,7551502,15669864
2735,SWLNLLZ,7551502,15668466
2736,SWNOCER,7705323,15669878
2737,SWNOCER,7705323,15669869
2738,SWNOCER,7705323,15669885
2739,SWNOCER,7705323,15668378
2740,SWNOCER,7705323,15668379
2741,SSRZHHN,8075506,15668460
2742,SSRZHHN,8075506,15668451
2743,SSRZHHN,8075506,34989674
2744,SSRZHHN,8075506,15669863
2745,SSRZHHN,8075506,15669878
2746,SWEECSW,7729749,15668381
2747,SWEECSW,7729749,15668468
2748,SWEECSW,7729749,15668474
2749,SWEECSW,7729749,15669878
2750,SWEECSW,7729749,15669764
2751,SSZLHES,7481117,15668688
2752,SSZLHES,7481117,15668478
2753,SSZLHES,7481117,15670251
2754,SSZLHES,7481117,15670157
2755,SSZLHES,7481117,15670245
2756,SWCOLWE,7599737,15669878
2757,SWCOLWE,7599737,15669869
2758,SWCOLWE,7599737,15668451
2759,SWCOLWE,7599737,15669817
2760,SWCOLWE,7599737,15670260
2761,SWLHCLH,7825117,15668465
2762,SWLHCLH,7825117,15668459
2763,SWLHCLH,7825117,7572307
2764,SWLHCLH,7825117,7572303
2765,SWLHCLH,7825117,15669817
2766,SWOERWC,8090614,15669858
2767,SWOERWC,8090614,15668688
2768,SWOERWC,8090614,34987110
2769,SWOERWC,8090614,15668468
2770,SWOERWC,8090614,15669880
2771,SSLSWRE,8263472,15668460
2772,SSLSWRE,8263472,15670267
2773,SSLSWRE,8263472,15669884
2774,SSLSWRE,8263472,15670269
2775,SSLSWRE,8263472,15668379
2776,SSNOWOC,8084987,15668688
2777,SSNOWOC,8084987,15668460
2778,SSNOWOC,8084987,15669764
2779,SSNOWOC,8084987,15669760
2780,SSNOWOC,8084987,15669778
2781,SSCSLWN,8085297,15668381
2782,SSCSLWN,8085297,15669821
2783,SSCSLWN,8085297,15669776
2784,SSCSLWN,8085297,15669767
2785,SSCSLWN,8085297,15669878
2786,SSWNOEH,8203156,15669863
2787,SSWNOEH,8203156,15669878
2788,SSWNOEH,8203156,15669777
2789,SSWNOEH,8203156,15669857
2790,SSWNOEH,8203156,15669781
2791,SWELEWW,7366964,15668381
2792,SWELEWW,7366964,15669772
2793,SWELEWW,7366964,15669856
2794,SWELEWW,7366964,15669760
2795,SWELEWW,7366964,15669764
2796,SWNERHS,7587534,15668474
2797,SWNERHS,7587534,15670251
2798,SWNERHS,7587534,15668379
2799,SWNERHS,7587534,15668688
2800,SWNERHS,7587534,15670260
2801,SSOWEOO,8063597,15669832
2802,SSOWEOO,8063597,15669887
2803,SSOWEOO,8063597,15669769
2804,SSOWEOO,8063597,15669866
2805,SSOWEOO,8063597,15669878
2806,SWHONHO,8159383,93141092
2807,SWHONHO,8159383,15669790
2808,SWHONHO,8159383,34987110
2809,SWHONHO,8159383,15669826
2810,SWHONHO,8159383,7630967
2811,SWOEORS,7754398,15668465
2812,SWOEORS,7754398,15668478
2813,SWOEORS,7754398,15668459
2814,SWOEORS,7754398,15668688
2815,SWOEORS,7754398,15668457
2816,SWOOHLC,8218426,15668381
2817,SWOOHLC,8218426,15668379
2818,SWOOHLC,8218426,15668460
2819,SWOOHLC,8218426,92388008
2820,SWOOHLC,8218426,15668451
2821,SWNLNRZ,8348887,7735707
2822,SWNLNRZ,8348887,15669832
2823,SWNLNRZ,8348887,15669760
2824,SWNLNRZ,8348887,15669887
2825,SWNLNRZ,8348887,7569799
2826,SSLSZNC,8188075,15668458
2827,SSLSZNC,8188075,15668460
2828,SSLSZNC,8188075,15669780
2829,SSLSZNC,8188075,15669772
2830,SSLSZNC,8188075,15669866
2831,SWOWCRW,7454503,15668381
2832,SWOWCRW,7454503,15669878
2833,SWOWCRW,7454503,15668470
2834,SWOWCRW,7454503,15668473
2835,SWOWCRW,7454503,15669773
2836,SWCLHHO,8198721,15669821
2837,SWCLHHO,8198721,15669767
2838,SWCLHHO,8198721,15668688
2839,SWCLHHO,8198721,15668467
2840,SWCLHHO,8198721,15668465
2841,SSSORWE,8119882,15668688
2842,SSSORWE,8119882,15668379
2843,SSSORWE,8119882,15668471
2844,SSSORWE,8119882,15668458
2845,SSSORWE,8119882,15668451
2846,SSESNZL,8093760,15669856
2847,SSESNZL,8093760,15668478
2848,SSESNZL,8093760,15669806
2849,SSESNZL,8093760,15668416
2850,SSESNZL,8093760,15668520
2851,SSOHWHC,8101813,15668688
2852,SSOHWHC,8101813,15668469
2853,SSOHWHC,8101813,15668377
2854,SSOHWHC,8101813,15668463
2855,SSOHWHC,8101813,15669866
2856,SSLWEEZ,8102328,15668460
2857,SSLWEEZ,8102328,15668478
2858,SSLWEEZ,8102328,15668468
2859,SSLWEEZ,8102328,15668457
2860,SSLWEEZ,8102328,15669859
2861,SWOOLZW,8122589,15669761
2862,SWOOLZW,8122589,15669880
2863,SWOOLZW,8122589,15669869
2864,SWOOLZW,8122589,15669884
2865,SWOOLZW,8122589,15669817
2866,SSLWWWH,8285181,15669869
2867,SSLWWWH,8285181,15668460
2868,SSLWWWH,8285181,15669772
2869,SSLWWWH,8285181,15669860
2870,SSLWWWH,8285181,15668378
2871,SWHCCEO,8344473,15668478
2872,SWHCCEO,8344473,15668381
2873,SWHCCEO,8344473,15668465
2874,SWHCCEO,8344473,15668451
2875,SWHCCEO,8344473,7579698
2876,SSLLZCO,8195870,15668684
2877,SSLLZCO,8195870,15668381
2878,SSLLZCO,8195870,15668379
2879,SSLLZCO,8195870,15668478
2880,SSLLZCO,8195870,15668462
2881,SWNRLEZ,8075456,15669817
2882,SWNRLEZ,8075456,15668381
2883,SWNRLEZ,8075456,15668460
2884,SWNRLEZ,8075456,15669823
2885,SWNRLEZ,8075456,15669772
2886,SWRNESE,7485532,7590864
2887,SWRNESE,7485532,15668520
2888,SWRNESE,7485532,92388167
2889,SWRNESE,7485532,15668688
2890,SWRNESE,7485532,7590866
2891,SSWRLOE,8081235,7637309
2892,SSWRLOE,8081235,7582053
2893,SSWRLOE,8081235,7753740
2894,SSWRLOE,8081235,34986274
2895,SSWRLOE,8081235,7594821
2896,SSZSRHO,8273931,15669880
2897,SSZSRHO,8273931,15669760
2898,SSZSRHO,8273931,15668688
2899,SSZSRHO,8273931,15669777
2900,SSZSRHO,8273931,15669780
2901,SWHSESE,7452011,15668688
2902,SWHSESE,7452011,15668381
2903,SWHSESE,7452011,15668465
2904,SWHSESE,7452011,7572300
2905,SWHSESE,7452011,15670157
2906,SWNSSEW,7752825,15669780
2907,SWNSSEW,7752825,15669821
2908,SWNSSEW,7752825,15669760
2909,SWNSSEW,7752825,15669865
2910,SWNSSEW,7752825,15669869
2911,SSNSCNE,8219465,15668379
2912,SSNSCNE,8219465,15668460
2913,SSNSCNE,8219465,15668467
2914,SSNSCNE,8219465,15668474
2915,SSNSCNE,8219465,15668449
2916,SWCLCLW,8241466,15669764
2917,SWCLCLW,8241466,15668478
2918,SWCLCLW,8241466,15668451
2919,SWCLCLW,8241466,15669832
2920,SWCLCLW,8241466,15669763
2921,SSSHCLH,8145688,15668378
2922,SSSHCLH,8145688,15669764
2923,SSSHCLH,8145688,15669861
2924,SSSHCLH,8145688,15669856
2925,SSSHCLH,8145688,15669760
2926,SSSHZHS,7406752,15668381
2927,SSSHZHS,7406752,15669863
2928,SSSHZHS,7406752,15669778
2929,SSSHZHS,7406752,15669763
2930,SSSHZHS,7406752,15669762
2931,SSNERHE,8269483,15669821
2932,SSNERHE,8269483,15669780
2933,SSNERHE,8269483,15668460
2934,SSNERHE,8269483,15668379
2935,SSNERHE,8269483,15668468
2936,SWENWSO,8316970,15669872
2937,SWENWSO,8316970,15668449
2938,SWENWSO,8316970,15669824
2939,SWENWSO,8316970,15669783
2940,SWENWSO,8316970,15669799
2941,SSSNHRZ,8236676,15669817
2942,SSSNHRZ,8236676,15669762
2943,SSSNHRZ,8236676,15669864
2944,SSSNHRZ,8236676,15669860
2945,SSSNHRZ,8236676,15669878
2946,SWOLOOS,7580491,15668467
2947,SWOLOOS,7580491,15668381
2948,SWOLOOS,7580491,15669863
2949,SWOLOOS,7580491,15668378
2950,SWOLOOS,7580491,15668685
2951,SWNWSCO,7826710,15668379
2952,SWNWSCO,7826710,15668457
2953,SWNWSCO,7826710,15668685
2954,SWNWSCO,7826710,15668468
2955,SWNWSCO,7826710,15669863
2956,SSSNZHO,8353591,15669864
2957,SSSNZHO,8353591,15669885
2958,SSSNZHO,8353591,15669812
2959,SSSNZHO,8353591,7637309
2960,SSSNZHO,8353591,15670251
2961,SWNRNSO,8131723,15668460
2962,SWNRNSO,8131723,15669772
2963,SWNRNSO,8131723,15669869
2964,SWNRNSO,8131723,15669778
2965,SWNRNSO,8131723,15669860
2966,SWRHZOO,8125808,15669857
2967,SWRHZOO,8125808,15669780
2968,SWRHZOO,8125808,15669767
2969,SWRHZOO,8125808,15669764
2970,SWRHZOO,8125808,15669884
2971,SWRHERW,7344710,15668460
2972,SWRHERW,7344710,15668379
2973,SWRHERW,7344710,15669777
2974,SWRHERW,7344710,15669878
2975,SWRHERW,7344710,15669869
2976,SWLLZEH,7671910,15668465
2977,SWLLZEH,7671910,15668478
2978,SWLLZEH,7671910,15669764
2979,SWLLZEH,7671910,15669778
2980,SWLLZEH,7671910,15669771
2981,SSSCNRE,8269393,15669869
2982,SSSCNRE,8269393,15669823
2983,SSSCNRE,8269393,15669860
2984,SSSCNRE,8269393,15669772
2985,SSSCNRE,8269393,15669825
2986,SSZRSZL,8333457,15668381
2987,SSZRSZL,8333457,15668467
2988,SSZRSZL,8333457,15668688
2989,SSZRSZL,8333457,15668462
2990,SSZRSZL,8333457,15668379
2991,SWHZENC,7353545,15669866
2992,SWHZENC,7353545,15668688
2993,SWHZENC,7353545,15668463
2994,SWHZENC,7353545,15668378
2995,SWHZENC,7353545,15669863
2996,SSWHRZZ,8250106,7593949
2997,SSWHRZZ,8250106,7569802
2998,SSWHRZZ,8250106,15668519
2999,SSWHRZZ,8250106,15669872
3000,SSWHRZZ,8250106,15669780
3001,SSZWOEE,8331712,15668381
3002,SSZWOEE,8331712,15668462
3003,SSZWOEE,8331712,15669863
3004,SSZWOEE,8331712,15668378
3005,SSZWOEE,8331712,15669780
3006,SWCRLZN,7476405,15668381
3007,SWCRLZN,7476405,15669764
3008,SWCRLZN,7476405,15669856
3009,SWCRLZN,7476405,15668467
3010,SWCRLZN,7476405,15669760
3011,SSWLNWS,8309697,15668381
3012,SSWLNWS,8309697,15668451
3013,SSWLNWS,8309697,15668688
3014,SSWLNWS,8309697,15668468
3015,SSWLNWS,8309697,15668458
3016,SWRNEHZ,8070847,7593949
3017,SWRNEHZ,8070847,15669824
3018,SWRNEHZ,8070847,7753734
3019,SWRNEHZ,8070847,15668688
3020,SWRNEHZ,8070847,15668468
3021,SSCESNS,8071554,15668462
3022,SSCESNS,8071554,15668465
3023,SSCESNS,8071554,15668468
3024,SSCESNS,8071554,15669869
3025,SSCESNS,8071554,15669832
3026,SSSRREW,7387521,15669878
3027,SSSRREW,7387521,15669781
3028,SSSRREW,7387521,21408952
3029,SSSRREW,7387521,7689353
3030,SSSRREW,7387521,15668478
3031,SWNEWRZ,8098117,15669880
3032,SWNEWRZ,8098117,7637309
3033,SWNEWRZ,8098117,7572310
3034,SWNEWRZ,8098117,15669869
3035,SWNEWRZ,8098117,15669772
3036,SSOHCZO,8114312,15668688
3037,SSOHCZO,8114312,15668460
3038,SSOHCZO,8114312,15668381
3039,SSOHCZO,8114312,15668378
3040,SSOHCZO,8114312,15668379
3041,SSECELH,8133089,15668462
3042,SSECELH,8133089,15668688
3043,SSECELH,8133089,15668465
3044,SSECELH,8133089,15668378
3045,SSECELH,8133089,15668469
3046,SSEHHWW,8091884,15669878
3047,SSEHHWW,8091884,15669856
3048,SSEHHWW,8091884,15669880
3049,SSEHHWW,8091884,7580802
3050,SSEHHWW,8091884,15669772
3051,SSSHLRH,8134798,34986330
3052,SSSHLRH,8134798,15668685
3053,SSSHLRH,8134798,15668687
3054,SSSHLRH,8134798,15669869
3055,SSSHLRH,8134798,15668688
3056,SSSWOLZ,8104378,15668688
3057,SSSWOLZ,8104378,15668457
3058,SSSWOLZ,8104378,15668471
3059,SSSWOLZ,8104378,15669863
3060,SSSWOLZ,8104378,15669996
3061,SSLZWEN,8065400,15668381
3062,SSLZWEN,8065400,15668688
3063,SSLZWEN,8065400,15668465
3064,SSLZWEN,8065400,15669856
3065,SSLZWEN,8065400,7580802
3066,SWENCOC,8261883,15669777
3067,SWENCOC,8261883,15669857
3068,SWENCOC,8261883,15669821
3069,SWENCOC,8261883,15669764
3070,SWENCOC,8261883,15669772
3071,SWCZELR,8080218,15668469
3072,SWCZELR,8080218,15668378
3073,SWCZELR,8080218,15668688
3074,SWCZELR,8080218,15668687
3075,SWCZELR,8080218,15669886
3076,SSWLSWS,8176714,15668465
3077,SSWLSWS,8176714,15669856
3078,SSWLSWS,8176714,15669829
3079,SSWLSWS,8176714,15668467
3080,SSWLSWS,8176714,7625765
3081,SSOCCSO,8317527,29247044
3082,SSOCCSO,8317527,7569806
3083,SSOCCSO,8317527,15669881
3084,SSOCCSO,8317527,15669780
3085,SSOCCSO,8317527,15669760
3086,SWOOEZE,7795816,15668688
3087,SWOOEZE,7795816,15668462
3088,SWOOEZE,7795816,15669878
3089,SWOOEZE,7795816,15668378
3090,SWOOEZE,7795816,15668467
3091,SSZWRWL,8152500,15669872
3092,SSZWRWL,8152500,15669988
3093,SSZWRWL,8152500,15669763
3094,SSZWRWL,8152500,15669832
3095,SSZWRWL,8152500,15670269
3096,SWHRNRE,7370585,15668460
3097,SWHRNRE,7370585,15668381
3098,SWHRNRE,7370585,15668458
3099,SWHRNRE,7370585,15669869
3100,SWHRNRE,7370585,15669777
3101,SSZEZHN,8089421,15669887
3102,SSZEZHN,8089421,15669835
3103,SSZEZHN,8089421,15669832
3104,SSZEZHN,8089421,15669872
3105,SSZEZHN,8089421,15670267
3106,SWOHCZL,7709440,15669860
3107,SWOHCZL,7709440,15669778
3108,SWOHCZL,7709440,15669863
3109,SWOHCZL,7709440,15669772
3110,SWOHCZL,7709440,15668459
3111,SSCRRRE,8094702,15668379
3112,SSCRRRE,8094702,15668467
3113,SSCRRRE,8094702,15668478
3114,SSCRRRE,8094702,15668375
3115,SSCRRRE,8094702,15668455
3116,SWLRSOE,7742017,7587657
3117,SWLRSOE,7742017,7587669
3118,SWLRSOE,7742017,15668467
3119,SWLRSOE,7742017,15668478
3120,SWLRSOE,7742017,15668688
3121,SSRHNHL,8076187,15668685
3122,SSRHNHL,8076187,15668379
3123,SSRHNHL,8076187,15668455
3124,SSRHNHL,8076187,15669880
3125,SSRHNHL,8076187,15669832
3126,SSRENSN,8102497,15668460
3127,SSRENSN,8102497,15668381
3128,SSRENSN,8102497,15668467
3129,SSRENSN,8102497,15668688
3130,SSRENSN,8102497,15670157
3131,SWRCHWS,7712484,15668378
3132,SWRCHWS,7712484,15668478
3133,SWRCHWS,7712484,15669780
3134,SWRCHWS,7712484,15669872
3135,SWRCHWS,7712484,15669880
3136,SSSSZSE,7436171,15668378
3137,SSSSZSE,7436171,15668416
3138,SSSSZSE,7436171,15668688
3139,SSSSZSE,7436171,15668465
3140,SSSSZSE,7436171,15668471
3141,SWNHZNW,8269882,15668473
3142,SWNHZNW,8269882,15668684
3143,SWNHZNW,8269882,15668381
3144,SWNHZNW,8269882,15668470
3145,SWNHZNW,8269882,15669880
3146,SWLONSR,8339940,15669857
3147,SWLONSR,8339940,15669775
3148,SWLONSR,8339940,15669830
3149,SWLONSR,8339940,15669880
3150,SWLONSR,8339940,15669825
3151,SSOOWNN,8084980,15668380
3152,SSOOWNN,8084980,15669817
3153,SSOOWNN,8084980,15668460
3154,SSOOWNN,8084980,15668688
3155,SSOOWNN,8084980,15669764
3156,SSZHCSO,8166910,15668416
3157,SSZHCSO,8166910,15668449
3158,SSZHCSO,8166910,15668460
3159,SSZHCSO,8166910,15670207
3160,SSZHCSO,8166910,15669987
3161,SSRHCOW,8289377,15668379
3162,SSRHCOW,8289377,15669872
3163,SSRHCOW,8289377,15668467
3164,SSRHCOW,8289377,15669880
3165,SSRHCOW,8289377,15669821
3166,SWCCRWW,7581908,15668474
3167,SWCCRWW,7581908,15668594
3168,SWCCRWW,7581908,15668381
3169,SWCCRWW,7581908,15669869
3170,SWCCRWW,7581908,15668458
3171,SSONEOS,8179077,15668381
3172,SSONEOS,8179077,7621912
3173,SSONEOS,8179077,15669864
3174,SSONEOS,8179077,15669772
3175,SSONEOS,8179077,15669863
3176,SWRCCCC,8226852,15669832
3177,SWRCCCC,8226852,15669861
3178,SWRCCCC,8226852,15670267
3179,SWRCCCC,8226852,15669856
3180,SWRCCCC,8226852,15668460
3181,SWRHRHL,8213552,15669772
3182,SWRHRHL,8213552,15669869
3183,SWRHRHL,8213552,15669988
3184,SWRHRHL,8213552,15669864
3185,SWRHRHL,8213552,15669878
3186,SWOSHSO,7682167,15668542
3187,SWOSHSO,7682167,15668381
3188,SWOSHSO,7682167,15669789
3189,SWOSHSO,7682167,15668478
3190,SWOSHSO,7682167,15669856
